<class 'torch.nn.modules.conv.Conv2d'>_calls,<class 'torch.nn.modules.conv.Conv2d'>_macs,<class 'torch.nn.modules.dropout.Dropout'>_calls,<class 'torch.nn.modules.dropout.Dropout'>_macs,<class 'torch.nn.modules.linear.Linear'>_calls,<class 'torch.nn.modules.linear.Linear'>_macs,<class 'torch.nn.modules.normalization.LayerNorm'>_calls,<class 'torch.nn.modules.normalization.LayerNorm'>_macs,accelerator,act_fn,avg_memory,batch_size,dropout,input_size,latency,macs,max_memory,model,requires_grad,total_nn_calls,total_params,trainable_params,use_dquant,use_torchscript,<class 'torch.nn.modules.batchnorm.BatchNorm2d'>_calls,<class 'torch.nn.modules.batchnorm.BatchNorm2d'>_macs,<class 'torch.nn.modules.pooling.AdaptiveAvgPool2d'>_calls,<class 'torch.nn.modules.pooling.AdaptiveAvgPool2d'>_macs,<class 'torch.nn.modules.activation.ReLU6'>_calls,<class 'torch.nn.modules.activation.ReLU6'>_macs,<class 'torch.nn.modules.activation.ReLU'>_calls,<class 'torch.nn.modules.activation.ReLU'>_macs,<class 'torch.nn.modules.pooling.MaxPool2d'>_calls,<class 'torch.nn.modules.pooling.MaxPool2d'>_macs,<class 'torch.nn.modules.pooling.AvgPool2d'>_calls,<class 'torch.nn.modules.pooling.AvgPool2d'>_macs,<class 'torch.nn.modules.activation.Softmax'>_calls,<class 'torch.nn.modules.activation.Softmax'>_macs,<class 'torch.nn.modules.conv.Conv1d'>_calls,<class 'torch.nn.modules.conv.Conv1d'>_macs
1.0,115605504.0,37.0,0.0,49.0,4247500800.0,25.0,3840000.0,1.0,relu,1091698688.0,1.0,,224.0,0.0064799319952726355,4366946304.0,1091698688.0,vit32,0.0,112.0,88224232.0,0.0,0.0,0.0,,,,,,,,,,,,,,,,
1.0,339738624.0,37.0,0.0,49.0,12316293120.0,25.0,11136000.0,1.0,relu,1492254720.0,1.0,,384.0,0.009276289865374564,12667167744.0,1492254720.0,vit32,0.0,112.0,88297192.0,0.0,0.0,0.0,,,,,,,,,,,,,,,,
1.0,603979776.0,37.0,0.0,49.0,21828974592.0,25.0,19737600.0,1.0,relu,1494351872.0,1.0,,512.0,0.012800901010632516,22452691968.0,1494351872.0,vit32,0.0,112.0,88383208.0,0.0,0.0,0.0,,,,,,,,,,,,,,,,
1.0,231211008.0,37.0,0.0,49.0,8495001600.0,25.0,7680000.0,1.0,relu,1494351872.0,2.0,,224.0,0.007470614463090897,8733892608.0,1494351872.0,vit32,0.0,112.0,88224232.0,0.0,0.0,0.0,,,,,,,,,,,,,,,,
1.0,679477248.0,37.0,0.0,49.0,24632586240.0,25.0,22272000.0,1.0,relu,1892810752.0,2.0,,384.0,0.012314800173044205,25334335488.0,1892810752.0,vit32,0.0,112.0,88297192.0,0.0,0.0,0.0,,,,,,,,,,,,,,,,
1.0,1207959552.0,37.0,0.0,49.0,43657949184.0,25.0,39475200.0,1.0,relu,1892810752.0,2.0,,512.0,0.01937681399285793,44905383936.0,1892810752.0,vit32,0.0,112.0,88383208.0,0.0,0.0,0.0,,,,,,,,,,,,,,,,
1.0,462422016.0,37.0,0.0,49.0,16990003200.0,25.0,15360000.0,1.0,relu,1892810752.0,4.0,,224.0,0.008966565132141113,17467785216.0,1892810752.0,vit32,0.0,112.0,88224232.0,0.0,0.0,0.0,,,,,,,,,,,,,,,,
1.0,1358954496.0,37.0,0.0,49.0,49265172480.0,25.0,44544000.0,1.0,relu,1913782272.0,4.0,,384.0,0.02008775100111961,50668670976.0,1913782272.0,vit32,0.0,112.0,88297192.0,0.0,0.0,0.0,,,,,,,,,,,,,,,,
1.0,2415919104.0,37.0,0.0,49.0,87315898368.0,25.0,78950400.0,1.0,relu,1913782272.0,4.0,,512.0,0.033448386564850816,89810767872.0,1913782272.0,vit32,0.0,112.0,88383208.0,0.0,0.0,0.0,,,,,,,,,,,,,,,,
1.0,924844032.0,37.0,0.0,49.0,33980006400.0,25.0,30720000.0,1.0,relu,1913782272.0,8.0,,224.0,0.014544156193733216,34935570432.0,1913782272.0,vit32,0.0,112.0,88224232.0,0.0,0.0,0.0,,,,,,,,,,,,,,,,
1.0,2717908992.0,37.0,0.0,49.0,98530344960.0,25.0,89088000.0,1.0,relu,1949433856.0,8.0,,384.0,0.0375841535627842,101337341952.0,1949433856.0,vit32,0.0,112.0,88297192.0,0.0,0.0,0.0,,,,,,,,,,,,,,,,
1.0,4831838208.0,37.0,0.0,49.0,174631796736.0,25.0,157900800.0,1.0,relu,2029125632.0,8.0,,512.0,0.06117426082491875,179621535744.0,2029125632.0,vit32,0.0,112.0,88383208.0,0.0,0.0,0.0,,,,,,,,,,,,,,,,
245.0,5360927200.0,,,,,,,1.0,relu,928120832.0,1.0,,224.0,0.02918452955782413,5439190496.0,928120832.0,efficientnet,0.0,403.0,54139356.0,0.0,0.0,0.0,157.0,78199296.0,1.0,64000.0,,,,,,,,,,,,
245.0,15735495680.0,,,,,,,1.0,relu,1179779072.0,1.0,,384.0,0.02918368950486183,15965491456.0,1179779072.0,efficientnet,0.0,403.0,54139356.0,0.0,0.0,0.0,157.0,229810176.0,1.0,185600.0,,,,,,,,,,,,
245.0,27966565888.0,,,,,,,1.0,relu,1368522752.0,1.0,,512.0,0.03132353015244007,28375446272.0,1368522752.0,efficientnet,0.0,403.0,54139356.0,0.0,0.0,0.0,157.0,408551424.0,1.0,328960.0,,,,,,,,,,,,
245.0,10721854400.0,,,,,,,1.0,relu,1368522752.0,2.0,,224.0,0.027622662112116808,10878380992.0,1368522752.0,efficientnet,0.0,403.0,54139356.0,0.0,0.0,0.0,157.0,156398592.0,1.0,128000.0,,,,,,,,,,,,
245.0,31470991360.0,,,,,,,1.0,relu,1444020224.0,2.0,,384.0,0.03299962393939495,31930982912.0,1444020224.0,efficientnet,0.0,403.0,54139356.0,0.0,0.0,0.0,157.0,459620352.0,1.0,371200.0,,,,,,,,,,,,
245.0,55933131776.0,,,,,,,1.0,relu,1639055360.0,2.0,,512.0,0.04523753561079502,56750892544.0,1639055360.0,efficientnet,0.0,403.0,54139356.0,0.0,0.0,0.0,157.0,817102848.0,1.0,657920.0,,,,,,,,,,,,
245.0,21443708800.0,,,,,,,1.0,relu,1639055360.0,4.0,,224.0,0.027235358580946924,21756761984.0,1639055360.0,efficientnet,0.0,403.0,54139356.0,0.0,0.0,0.0,157.0,312797184.0,1.0,256000.0,,,,,,,,,,,,
245.0,62941982720.0,,,,,,,1.0,relu,1729232896.0,4.0,,384.0,0.047134680673480034,63861965824.0,1729232896.0,efficientnet,0.0,403.0,54139356.0,0.0,0.0,0.0,157.0,919240704.0,1.0,742400.0,,,,,,,,,,,,
245.0,111866263552.0,,,,,,,1.0,relu,2014445568.0,4.0,,512.0,0.07190465591847897,113501785088.0,2014445568.0,efficientnet,0.0,403.0,54139356.0,0.0,0.0,0.0,157.0,1634205696.0,1.0,1315840.0,,,,,,,,,,,,
245.0,42887417600.0,,,,,,,1.0,relu,2014445568.0,8.0,,224.0,0.039336218312382695,43513523968.0,2014445568.0,efficientnet,0.0,403.0,54139356.0,0.0,0.0,0.0,157.0,625594368.0,1.0,512000.0,,,,,,,,,,,,
245.0,125883965440.0,,,,,,,1.0,relu,2127691776.0,8.0,,384.0,0.07809951715171337,127723931648.0,2127691776.0,efficientnet,0.0,403.0,54139356.0,0.0,0.0,0.0,157.0,1838481408.0,1.0,1484800.0,,,,,,,,,,,,
245.0,223732527104.0,,,,,,,1.0,relu,2329018368.0,8.0,,512.0,0.12958397530019286,227003570176.0,2329018368.0,efficientnet,0.0,403.0,54139356.0,0.0,0.0,0.0,157.0,3268411392.0,1.0,2631680.0,,,,,,,,,,,,
64.0,501187680.0,,,,,,,1.0,relu,749862912.0,1.0,,224.0,0.007539626955986024,536192992.0,749862912.0,efficientnet_lite,0.0,172.0,5416680.0,0.0,0.0,0.0,64.0,34941312.0,1.0,64000.0,43.0,0.0,,,,,,,,,,
64.0,1472878080.0,,,,,,,1.0,relu,775028736.0,1.0,,384.0,0.007055554166436195,1575748352.0,775028736.0,efficientnet_lite,0.0,172.0,5416680.0,0.0,0.0,0.0,64.0,102684672.0,1.0,185600.0,43.0,0.0,,,,,,,,,,
64.0,2618449920.0,,,,,,,1.0,relu,827457536.0,1.0,,512.0,0.007509496435523034,2801329408.0,827457536.0,efficientnet_lite,0.0,172.0,5416680.0,0.0,0.0,0.0,64.0,182550528.0,1.0,328960.0,43.0,0.0,,,,,,,,,,
64.0,1002375360.0,,,,,,,1.0,relu,827457536.0,2.0,,224.0,0.007142305001616479,1072385984.0,827457536.0,efficientnet_lite,0.0,172.0,5416680.0,0.0,0.0,0.0,64.0,69882624.0,1.0,128000.0,43.0,0.0,,,,,,,,,,
64.0,2945756160.0,,,,,,,1.0,relu,886177792.0,2.0,,384.0,0.007896193489432334,3151496704.0,886177792.0,efficientnet_lite,0.0,172.0,5416680.0,0.0,0.0,0.0,64.0,205369344.0,1.0,371200.0,43.0,0.0,,,,,,,,,,
64.0,5236899840.0,,,,,,,1.0,relu,986841088.0,2.0,,512.0,0.013293061032891271,5602658816.0,986841088.0,efficientnet_lite,0.0,172.0,5416680.0,0.0,0.0,0.0,64.0,365101056.0,1.0,657920.0,43.0,0.0,,,,,,,,,,
64.0,2004750720.0,,,,,,,1.0,relu,986841088.0,4.0,,224.0,0.007031291723251343,2144771968.0,986841088.0,efficientnet_lite,0.0,172.0,5416680.0,0.0,0.0,0.0,64.0,139765248.0,1.0,256000.0,43.0,0.0,,,,,,,,,,
64.0,5891512320.0,,,,,,,1.0,relu,1100087296.0,4.0,,384.0,0.014152638241648675,6302993408.0,1100087296.0,efficientnet_lite,0.0,172.0,5416680.0,0.0,0.0,0.0,64.0,410738688.0,1.0,742400.0,43.0,0.0,,,,,,,,,,
64.0,10473799680.0,,,,,,,1.0,relu,1301413888.0,4.0,,512.0,0.02489278949797153,11205317632.0,1301413888.0,efficientnet_lite,0.0,172.0,5416680.0,0.0,0.0,0.0,64.0,730202112.0,1.0,1315840.0,43.0,0.0,,,,,,,,,,
64.0,4009501440.0,,,,,,,1.0,relu,1301413888.0,8.0,,224.0,0.00962754786014557,4289543936.0,1301413888.0,efficientnet_lite,0.0,172.0,5416680.0,0.0,0.0,0.0,64.0,279530496.0,1.0,512000.0,43.0,0.0,,,,,,,,,,
64.0,11783024640.0,,,,,,,1.0,relu,1527906304.0,8.0,,384.0,0.026429884135723114,12605986816.0,1527906304.0,efficientnet_lite,0.0,172.0,5416680.0,0.0,0.0,0.0,64.0,821477376.0,1.0,1484800.0,43.0,0.0,,,,,,,,,,
64.0,20947599360.0,,,,,,,1.0,relu,1930559488.0,8.0,,512.0,0.04801980219781399,22410635264.0,1930559488.0,efficientnet_lite,0.0,172.0,5416680.0,0.0,0.0,0.0,64.0,1460404224.0,1.0,2631680.0,43.0,0.0,,,,,,,,,,
45.0,3001948544.0,,,,,,,1.0,relu,812777472.0,1.0,,224.0,0.006004572287201882,3002076544.0,812777472.0,gernet,0.0,87.0,21142920.0,0.0,0.0,0.0,,,1.0,128000.0,,,41.0,0.0,,,,,,,,
45.0,8822052864.0,,,,,,,1.0,relu,886177792.0,1.0,,384.0,0.005947882309556007,8822424064.0,886177792.0,gernet,0.0,87.0,21142920.0,0.0,0.0,0.0,,,1.0,371200.0,,,41.0,0.0,,,,,,,,
45.0,15683649536.0,,,,,,,1.0,relu,930217984.0,1.0,,512.0,0.0068744998425245285,15684307456.0,930217984.0,gernet,0.0,87.0,21142920.0,0.0,0.0,0.0,,,1.0,657920.0,,,41.0,0.0,,,,,,,,
45.0,6003897088.0,,,,,,,1.0,relu,930217984.0,2.0,,224.0,0.005993177741765976,6004153088.0,930217984.0,gernet,0.0,87.0,21142920.0,0.0,0.0,0.0,,,1.0,256000.0,,,41.0,0.0,,,,,,,,
45.0,17644105728.0,,,,,,,1.0,relu,930217984.0,2.0,,384.0,0.006803628802299499,17644848128.0,930217984.0,gernet,0.0,87.0,21142920.0,0.0,0.0,0.0,,,1.0,742400.0,,,41.0,0.0,,,,,,,,
45.0,31367299072.0,,,,,,,1.0,relu,980549632.0,2.0,,512.0,0.010139197856187821,31368614912.0,980549632.0,gernet,0.0,87.0,21142920.0,0.0,0.0,0.0,,,1.0,1315840.0,,,41.0,0.0,,,,,,,,
45.0,12007794176.0,,,,,,,1.0,relu,991035392.0,4.0,,224.0,0.00573928989470005,12008306176.0,991035392.0,gernet,0.0,87.0,21142920.0,0.0,0.0,0.0,,,1.0,512000.0,,,41.0,0.0,,,,,,,,
45.0,35288211456.0,,,,,,,1.0,relu,1068630016.0,4.0,,384.0,0.011129844933748244,35289696256.0,1068630016.0,gernet,0.0,87.0,21142920.0,0.0,0.0,0.0,,,1.0,1484800.0,,,41.0,0.0,,,,,,,,
45.0,62734598144.0,,,,,,,1.0,relu,1236402176.0,4.0,,512.0,0.018227951228618627,62737229824.0,1236402176.0,gernet,0.0,87.0,21142920.0,0.0,0.0,0.0,,,1.0,2631680.0,,,41.0,0.0,,,,,,,,
45.0,24015588352.0,,,,,,,1.0,relu,1238499328.0,8.0,,224.0,0.010084246471524238,24016612352.0,1238499328.0,gernet,0.0,87.0,21142920.0,0.0,0.0,0.0,,,1.0,1024000.0,,,41.0,0.0,,,,,,,,
45.0,70576422912.0,,,,,,,1.0,relu,1427243008.0,8.0,,384.0,0.020327162742614747,70579392512.0,1427243008.0,gernet,0.0,87.0,21142920.0,0.0,0.0,0.0,,,1.0,2969600.0,,,41.0,0.0,,,,,,,,
45.0,125469196288.0,,,,,,,1.0,relu,1762787328.0,8.0,,512.0,0.03567716777324677,125474459648.0,1762787328.0,gernet,0.0,87.0,21142920.0,0.0,0.0,0.0,,,1.0,5263360.0,,,41.0,0.0,,,,,,,,
20.0,1813561344.0,,,1.0,512000.0,,,1.0,relu,789708800.0,1.0,,224.0,0.0026499994099140173,1824033792.0,789708800.0,resnet18,0.0,52.0,11689512.0,0.0,0.0,0.0,20.0,9934848.0,1.0,25600.0,,,9.0,0.0,1.0,0.0,,,,,,
20.0,5329649664.0,,,1.0,512000.0,,,1.0,relu,858914816.0,1.0,,384.0,0.003205300867557525,5359432192.0,858914816.0,resnet18,0.0,52.0,11689512.0,0.0,0.0,0.0,20.0,29196288.0,1.0,74240.0,,,9.0,0.0,1.0,0.0,,,,,,
20.0,9474932736.0,,,1.0,512000.0,,,1.0,relu,907149312.0,1.0,,512.0,0.003081056103110313,9527480832.0,907149312.0,resnet18,0.0,52.0,11689512.0,0.0,0.0,0.0,20.0,51904512.0,1.0,131584.0,,,9.0,0.0,1.0,0.0,,,,,,
20.0,3627122688.0,,,1.0,1024000.0,,,1.0,relu,938606592.0,2.0,,224.0,0.002631295844912529,3648067584.0,938606592.0,resnet18,0.0,52.0,11689512.0,0.0,0.0,0.0,20.0,19869696.0,1.0,51200.0,,,9.0,0.0,1.0,0.0,,,,,,
20.0,10659299328.0,,,1.0,1024000.0,,,1.0,relu,1005715456.0,2.0,,384.0,0.0034020300954580307,10718864384.0,1005715456.0,resnet18,0.0,52.0,11689512.0,0.0,0.0,0.0,20.0,58392576.0,1.0,148480.0,,,9.0,0.0,1.0,0.0,,,,,,
20.0,18949865472.0,,,1.0,1024000.0,,,1.0,relu,1072824320.0,2.0,,512.0,0.005231900140643121,19054961664.0,1072824320.0,resnet18,0.0,52.0,11689512.0,0.0,0.0,0.0,20.0,103809024.0,1.0,263168.0,,,9.0,0.0,1.0,0.0,,,,,,
20.0,7254245376.0,,,1.0,2048000.0,,,1.0,relu,1072824320.0,4.0,,224.0,0.002891448140144348,7296135168.0,1072824320.0,resnet18,0.0,52.0,11689512.0,0.0,0.0,0.0,20.0,39739392.0,1.0,102400.0,,,9.0,0.0,1.0,0.0,,,,,,
20.0,21318598656.0,,,1.0,2048000.0,,,1.0,relu,1148321792.0,4.0,,384.0,0.005801302939653396,21437728768.0,1148321792.0,resnet18,0.0,52.0,11689512.0,0.0,0.0,0.0,20.0,116785152.0,1.0,296960.0,,,9.0,0.0,1.0,0.0,,,,,,
20.0,37899730944.0,,,1.0,2048000.0,,,1.0,relu,1282539520.0,4.0,,512.0,0.00914018861949444,38109923328.0,1282539520.0,resnet18,0.0,52.0,11689512.0,0.0,0.0,0.0,20.0,207618048.0,1.0,526336.0,,,9.0,0.0,1.0,0.0,,,,,,
20.0,14508490752.0,,,1.0,4096000.0,,,1.0,relu,1286733824.0,8.0,,224.0,0.004678446054458618,14592270336.0,1286733824.0,resnet18,0.0,52.0,11689512.0,0.0,0.0,0.0,20.0,79478784.0,1.0,204800.0,,,9.0,0.0,1.0,0.0,,,,,,
20.0,42637197312.0,,,1.0,4096000.0,,,1.0,relu,1439825920.0,8.0,,384.0,0.010642018169164658,42875457536.0,1439825920.0,resnet18,0.0,52.0,11689512.0,0.0,0.0,0.0,20.0,233570304.0,1.0,593920.0,,,9.0,0.0,1.0,0.0,,,,,,
20.0,75799461888.0,,,1.0,4096000.0,,,1.0,relu,1708261376.0,8.0,,512.0,0.017352845519781113,76219846656.0,1708261376.0,resnet18,0.0,52.0,11689512.0,0.0,0.0,0.0,20.0,415236096.0,1.0,1052672.0,,,9.0,0.0,1.0,0.0,,,,,,
5.0,655566528.0,2.0,0.0,3.0,58621952.0,,,1.0,relu,946995200.0,1.0,,224.0,0.001223866268992424,714206912.0,946995200.0,alexnet,0.0,21.0,61100840.0,0.0,0.0,0.0,,,1.0,18432.0,,,7.0,0.0,3.0,0.0,,,,,,
5.0,2019334848.0,2.0,0.0,3.0,58621952.0,,,1.0,relu,1186070528.0,1.0,,384.0,0.0014292199164628982,2077996992.0,1186070528.0,alexnet,0.0,21.0,61100840.0,0.0,0.0,0.0,,,1.0,40192.0,,,7.0,0.0,3.0,0.0,,,,,,
5.0,3648711360.0,2.0,0.0,3.0,58621952.0,,,1.0,relu,1232207872.0,1.0,,512.0,0.0019237324595451355,3707400128.0,1232207872.0,alexnet,0.0,21.0,61100840.0,0.0,0.0,0.0,,,1.0,66816.0,,,7.0,0.0,3.0,0.0,,,,,,
5.0,1311133056.0,2.0,0.0,3.0,117243904.0,,,1.0,relu,1232207872.0,2.0,,224.0,0.0013072323054075241,1428413824.0,1232207872.0,alexnet,0.0,21.0,61100840.0,0.0,0.0,0.0,,,1.0,36864.0,,,7.0,0.0,3.0,0.0,,,,,,
5.0,4038669696.0,2.0,0.0,3.0,117243904.0,,,1.0,relu,1232207872.0,2.0,,384.0,0.0017878174781799316,4155993984.0,1232207872.0,alexnet,0.0,21.0,61100840.0,0.0,0.0,0.0,,,1.0,80384.0,,,7.0,0.0,3.0,0.0,,,,,,
5.0,7297422720.0,2.0,0.0,3.0,117243904.0,,,1.0,relu,1232207872.0,2.0,,512.0,0.0024504318833351137,7414800256.0,1232207872.0,alexnet,0.0,21.0,61100840.0,0.0,0.0,0.0,,,1.0,133632.0,,,7.0,0.0,3.0,0.0,,,,,,
5.0,2622266112.0,2.0,0.0,3.0,234487808.0,,,1.0,relu,1232207872.0,4.0,,224.0,0.0015590265393257141,2856827648.0,1232207872.0,alexnet,0.0,21.0,61100840.0,0.0,0.0,0.0,,,1.0,73728.0,,,7.0,0.0,3.0,0.0,,,,,,
5.0,8077339392.0,2.0,0.0,3.0,234487808.0,,,1.0,relu,1232207872.0,4.0,,384.0,0.0027462441474199297,8311987968.0,1232207872.0,alexnet,0.0,21.0,61100840.0,0.0,0.0,0.0,,,1.0,160768.0,,,7.0,0.0,3.0,0.0,,,,,,
5.0,14594845440.0,2.0,0.0,3.0,234487808.0,,,1.0,relu,1248985088.0,4.0,,512.0,0.003986787050962447,14829600512.0,1248985088.0,alexnet,0.0,21.0,61100840.0,0.0,0.0,0.0,,,1.0,267264.0,,,7.0,0.0,3.0,0.0,,,,,,
5.0,5244532224.0,2.0,0.0,3.0,468975616.0,,,1.0,relu,1248985088.0,8.0,,224.0,0.0022759418934583664,5713655296.0,1248985088.0,alexnet,0.0,21.0,61100840.0,0.0,0.0,0.0,,,1.0,147456.0,,,7.0,0.0,3.0,0.0,,,,,,
5.0,16154678784.0,2.0,0.0,3.0,468975616.0,,,1.0,relu,1248985088.0,8.0,,384.0,0.005016574636101723,16623975936.0,1248985088.0,alexnet,0.0,21.0,61100840.0,0.0,0.0,0.0,,,1.0,321536.0,,,7.0,0.0,3.0,0.0,,,,,,
5.0,29189690880.0,2.0,0.0,3.0,468975616.0,,,1.0,relu,1248985088.0,8.0,,512.0,0.007248519361019134,29659201024.0,1248985088.0,alexnet,0.0,21.0,61100840.0,0.0,0.0,0.0,,,1.0,534528.0,,,7.0,0.0,3.0,0.0,,,,,,
26.0,818924576.0,1.0,0.0,,,,,1.0,relu,710017024.0,1.0,,224.0,0.002632283046841621,819094576.0,710017024.0,squeezenet,0.0,57.0,1248424.0,0.0,0.0,0.0,,,1.0,170000.0,,,26.0,0.0,3.0,0.0,,,,,,
26.0,2489503776.0,1.0,0.0,,,,,1.0,relu,730988544.0,1.0,,384.0,0.0025246657431125643,2490033776.0,730988544.0,squeezenet,0.0,57.0,1248424.0,0.0,0.0,0.0,,,1.0,530000.0,,,26.0,0.0,3.0,0.0,,,,,,
26.0,4478017568.0,1.0,0.0,,,,,1.0,relu,760348672.0,1.0,,512.0,0.003955845162272454,4478979568.0,760348672.0,squeezenet,0.0,57.0,1248424.0,0.0,0.0,0.0,,,1.0,962000.0,,,26.0,0.0,3.0,0.0,,,,,,
26.0,1637849152.0,1.0,0.0,,,,,1.0,relu,762445824.0,2.0,,224.0,0.002451859787106514,1638189152.0,762445824.0,squeezenet,0.0,57.0,1248424.0,0.0,0.0,0.0,,,1.0,340000.0,,,26.0,0.0,3.0,0.0,,,,,,
26.0,4979007552.0,1.0,0.0,,,,,1.0,relu,796000256.0,2.0,,384.0,0.004146566987037659,4980067552.0,796000256.0,squeezenet,0.0,57.0,1248424.0,0.0,0.0,0.0,,,1.0,1060000.0,,,26.0,0.0,3.0,0.0,,,,,,
26.0,8956035136.0,1.0,0.0,,,,,1.0,relu,846331904.0,2.0,,512.0,0.006762639060616494,8957959136.0,846331904.0,squeezenet,0.0,57.0,1248424.0,0.0,0.0,0.0,,,1.0,1924000.0,,,26.0,0.0,3.0,0.0,,,,,,
26.0,3275698304.0,1.0,0.0,,,,,1.0,relu,846331904.0,4.0,,224.0,0.002826529741287232,3276378304.0,846331904.0,squeezenet,0.0,57.0,1248424.0,0.0,0.0,0.0,,,1.0,680000.0,,,26.0,0.0,3.0,0.0,,,,,,
26.0,9958015104.0,1.0,0.0,,,,,1.0,relu,902955008.0,4.0,,384.0,0.007226847112178802,9960135104.0,902955008.0,squeezenet,0.0,57.0,1248424.0,0.0,0.0,0.0,,,1.0,2120000.0,,,26.0,0.0,3.0,0.0,,,,,,
26.0,17912070272.0,1.0,0.0,,,,,1.0,relu,1001521152.0,4.0,,512.0,0.01222931630909443,17915918272.0,1001521152.0,squeezenet,0.0,57.0,1248424.0,0.0,0.0,0.0,,,1.0,3848000.0,,,26.0,0.0,3.0,0.0,,,,,,
26.0,6551396608.0,1.0,0.0,,,,,1.0,relu,1001521152.0,8.0,,224.0,0.004983803629875184,6552756608.0,1001521152.0,squeezenet,0.0,57.0,1248424.0,0.0,0.0,0.0,,,1.0,1360000.0,,,26.0,0.0,3.0,0.0,,,,,,
26.0,19916030208.0,1.0,0.0,,,,,1.0,relu,1112670208.0,8.0,,384.0,0.013584418967366221,19920270208.0,1112670208.0,squeezenet,0.0,57.0,1248424.0,0.0,0.0,0.0,,,1.0,4240000.0,,,26.0,0.0,3.0,0.0,,,,,,
26.0,35824140544.0,1.0,0.0,,,,,1.0,relu,1309802496.0,8.0,,512.0,0.023998677730560303,35831836544.0,1309802496.0,squeezenet,0.0,57.0,1248424.0,0.0,0.0,0.0,,,1.0,7696000.0,,,26.0,0.0,3.0,0.0,,,,,,
13.0,15346630656.0,2.0,0.0,3.0,123633664.0,,,1.0,relu,1307705344.0,1.0,,224.0,0.004815075173974037,15470314496.0,1307705344.0,vgg16,0.0,39.0,138357544.0,0.0,0.0,0.0,,,1.0,50176.0,,,15.0,0.0,5.0,0.0,,,,,,
13.0,45100302336.0,2.0,0.0,3.0,123633664.0,,,1.0,relu,1899102208.0,1.0,,384.0,0.00932961329817772,45224034816.0,1899102208.0,vgg16,0.0,39.0,138357544.0,0.0,0.0,0.0,,,1.0,98816.0,,,15.0,0.0,5.0,0.0,,,,,,
13.0,80178315264.0,2.0,0.0,3.0,123633664.0,,,1.0,relu,2379350016.0,1.0,,512.0,0.014448984339833259,80302105088.0,2379350016.0,vgg16,0.0,39.0,138357544.0,0.0,0.0,0.0,,,1.0,156160.0,,,15.0,0.0,5.0,0.0,,,,,,
13.0,30693261312.0,2.0,0.0,3.0,247267328.0,,,1.0,relu,2379350016.0,2.0,,224.0,0.0125697273761034,30940628992.0,2379350016.0,vgg16,0.0,39.0,138357544.0,0.0,0.0,0.0,,,1.0,100352.0,,,15.0,0.0,5.0,0.0,,,,,,
13.0,90200604672.0,2.0,0.0,3.0,247267328.0,,,1.0,relu,2396127232.0,2.0,,384.0,0.02209753096103668,90448069632.0,2396127232.0,vgg16,0.0,39.0,138357544.0,0.0,0.0,0.0,,,1.0,197632.0,,,15.0,0.0,5.0,0.0,,,,,,
13.0,160356630528.0,2.0,0.0,3.0,247267328.0,,,1.0,relu,2396127232.0,2.0,,512.0,0.033344770595431325,160604210176.0,2396127232.0,vgg16,0.0,39.0,138357544.0,0.0,0.0,0.0,,,1.0,312320.0,,,15.0,0.0,5.0,0.0,,,,,,
13.0,61386522624.0,2.0,0.0,3.0,494534656.0,,,1.0,relu,2396127232.0,4.0,,224.0,0.017633435875177385,61881257984.0,2396127232.0,vgg16,0.0,39.0,138357544.0,0.0,0.0,0.0,,,1.0,200704.0,,,15.0,0.0,5.0,0.0,,,,,,
13.0,180401209344.0,2.0,0.0,3.0,494534656.0,,,1.0,relu,2396127232.0,4.0,,384.0,0.03750715218484402,180896139264.0,2396127232.0,vgg16,0.0,39.0,138357544.0,0.0,0.0,0.0,,,1.0,395264.0,,,15.0,0.0,5.0,0.0,,,,,,
13.0,320713261056.0,2.0,0.0,3.0,494534656.0,,,1.0,relu,2664562688.0,4.0,,512.0,0.0595572654157877,321208420352.0,2664562688.0,vgg16,0.0,39.0,138357544.0,0.0,0.0,0.0,,,1.0,624640.0,,,15.0,0.0,5.0,0.0,,,,,,
13.0,122773045248.0,2.0,0.0,3.0,989069312.0,,,1.0,relu,2664562688.0,8.0,,224.0,0.02394472323358059,123762515968.0,2664562688.0,vgg16,0.0,39.0,138357544.0,0.0,0.0,0.0,,,1.0,401408.0,,,15.0,0.0,5.0,0.0,,,,,,
13.0,360802418688.0,2.0,0.0,3.0,989069312.0,,,1.0,relu,2664562688.0,8.0,,384.0,0.06375213414430618,361792278528.0,2664562688.0,vgg16,0.0,39.0,138357544.0,0.0,0.0,0.0,,,1.0,790528.0,,,15.0,0.0,5.0,0.0,,,,,,
13.0,641426522112.0,2.0,0.0,3.0,989069312.0,,,1.0,relu,3738304512.0,8.0,,512.0,0.10998575985431673,642416840704.0,3738304512.0,vgg16,0.0,39.0,138357544.0,0.0,0.0,0.0,,,1.0,1249280.0,,,15.0,0.0,5.0,0.0,,,,,,
160.0,7725699072.0,,,1.0,2208000.0,,,1.0,relu,835846144.0,1.0,,224.0,0.02112950161099434,7845841056.0,835846144.0,densenet,0.0,486.0,28681000.0,0.0,0.0,0.0,161.0,117656448.0,,,,,160.0,0.0,1.0,0.0,3.0,277536.0,,,,
160.0,22704095232.0,,,1.0,2208000.0,,,1.0,relu,946995200.0,1.0,,384.0,0.023660213872790336,23052884736.0,946995200.0,densenet,0.0,486.0,28681000.0,0.0,0.0,0.0,161.0,345765888.0,,,,,160.0,0.0,1.0,0.0,3.0,815616.0,,,,
160.0,40362835968.0,,,1.0,2208000.0,,,1.0,relu,1064435712.0,1.0,,512.0,0.030832386016845705,40981188864.0,1064435712.0,densenet,0.0,486.0,28681000.0,0.0,0.0,0.0,161.0,614694912.0,,,,,160.0,0.0,1.0,0.0,3.0,1449984.0,,,,
160.0,15451398144.0,,,1.0,4416000.0,,,1.0,relu,1106378752.0,2.0,,224.0,0.0211726114153862,15691682112.0,1106378752.0,densenet,0.0,486.0,28681000.0,0.0,0.0,0.0,161.0,235312896.0,,,,,160.0,0.0,1.0,0.0,3.0,555072.0,,,,
160.0,45408190464.0,,,1.0,4416000.0,,,1.0,relu,1165099008.0,2.0,,384.0,0.0325298510491848,46105769472.0,1165099008.0,densenet,0.0,486.0,28681000.0,0.0,0.0,0.0,161.0,691531776.0,,,,,160.0,0.0,1.0,0.0,3.0,1631232.0,,,,
160.0,80725671936.0,,,1.0,4416000.0,,,1.0,relu,1282539520.0,2.0,,512.0,0.04776260405778885,81962377728.0,1282539520.0,densenet,0.0,486.0,28681000.0,0.0,0.0,0.0,161.0,1229389824.0,,,,,160.0,0.0,1.0,0.0,3.0,2899968.0,,,,
160.0,30902796288.0,,,1.0,8832000.0,,,1.0,relu,1320288256.0,4.0,,224.0,0.02621163800358773,31383364224.0,1320288256.0,densenet,0.0,486.0,28681000.0,0.0,0.0,0.0,161.0,470625792.0,,,,,160.0,0.0,1.0,0.0,3.0,1110144.0,,,,
160.0,90816380928.0,,,1.0,8832000.0,,,1.0,relu,1454505984.0,4.0,,384.0,0.0512810468673706,92211538944.0,1454505984.0,densenet,0.0,486.0,28681000.0,0.0,0.0,0.0,161.0,1383063552.0,,,,,160.0,0.0,1.0,0.0,3.0,3262464.0,,,,
160.0,161451343872.0,,,1.0,8832000.0,,,1.0,relu,1691484160.0,4.0,,512.0,0.08085230849683285,163924755456.0,1691484160.0,densenet,0.0,486.0,28681000.0,0.0,0.0,0.0,161.0,2458779648.0,,,,,160.0,0.0,1.0,0.0,3.0,5799936.0,,,,
160.0,61805592576.0,,,1.0,17664000.0,,,1.0,relu,1691484160.0,8.0,,224.0,0.04152436554431915,62766728448.0,1691484160.0,densenet,0.0,486.0,28681000.0,0.0,0.0,0.0,161.0,941251584.0,,,,,160.0,0.0,1.0,0.0,3.0,2220288.0,,,,
160.0,181632761856.0,,,1.0,17664000.0,,,1.0,relu,1955725312.0,8.0,,384.0,0.09522507898509502,184423077888.0,1955725312.0,densenet,0.0,486.0,28681000.0,0.0,0.0,0.0,161.0,2766127104.0,,,,,160.0,0.0,1.0,0.0,3.0,6524928.0,,,,
160.0,322902687744.0,,,1.0,17664000.0,,,1.0,relu,2373058560.0,8.0,,512.0,0.15701496563851833,327849510912.0,2373058560.0,densenet,0.0,486.0,28681000.0,0.0,0.0,0.0,161.0,4917559296.0,,,,,160.0,0.0,1.0,0.0,3.0,11599872.0,,,,
96.0,2835873120.0,1.0,0.0,2.0,2048000.0,,,1.0,relu,833748992.0,1.0,,224.0,0.011469731107354164,2856567712.0,833748992.0,inception,0.0,198.0,27161264.0,0.0,0.0,0.0,96.0,18593344.0,1.0,53248.0,,,,,2.0,0.0,,,,,,
96.0,9443934560.0,1.0,0.0,2.0,2048000.0,,,1.0,relu,932315136.0,1.0,,384.0,0.01215897724032402,9505607072.0,932315136.0,inception,0.0,198.0,27161264.0,0.0,0.0,0.0,96.0,59417664.0,1.0,206848.0,,,,,2.0,0.0,,,,,,
96.0,17519808864.0,1.0,0.0,2.0,2048000.0,,,1.0,relu,932315136.0,1.0,,512.0,0.014593269675970078,17630999968.0,932315136.0,inception,0.0,198.0,27161264.0,0.0,0.0,0.0,96.0,108739648.0,1.0,403456.0,,,,,2.0,0.0,,,,,,
96.0,5671746240.0,1.0,0.0,2.0,4096000.0,,,1.0,relu,957480960.0,2.0,,224.0,0.01203155741095543,5713135424.0,957480960.0,inception,0.0,198.0,27161264.0,0.0,0.0,0.0,96.0,37186688.0,1.0,106496.0,,,,,2.0,0.0,,,,,,
96.0,18887869120.0,1.0,0.0,2.0,4096000.0,,,1.0,relu,999424000.0,2.0,,384.0,0.015280278399586678,19011214144.0,999424000.0,inception,0.0,198.0,27161264.0,0.0,0.0,0.0,96.0,118835328.0,1.0,413696.0,,,,,2.0,0.0,,,,,,
96.0,35039617728.0,1.0,0.0,2.0,4096000.0,,,1.0,relu,1150418944.0,2.0,,512.0,0.020231676101684568,35261999936.0,1150418944.0,inception,0.0,198.0,27161264.0,0.0,0.0,0.0,96.0,217479296.0,1.0,806912.0,,,,,2.0,0.0,,,,,,
96.0,11343492480.0,1.0,0.0,2.0,8192000.0,,,1.0,relu,1156710400.0,4.0,,224.0,0.013579461351037023,11426270848.0,1156710400.0,inception,0.0,198.0,27161264.0,0.0,0.0,0.0,96.0,74373376.0,1.0,212992.0,,,,,2.0,0.0,,,,,,
96.0,37775738240.0,1.0,0.0,2.0,8192000.0,,,1.0,relu,1232207872.0,4.0,,384.0,0.02073496803641319,38022428288.0,1232207872.0,inception,0.0,198.0,27161264.0,0.0,0.0,0.0,96.0,237670656.0,1.0,827392.0,,,,,2.0,0.0,,,,,,
96.0,70079235456.0,1.0,0.0,2.0,8192000.0,,,1.0,relu,1429340160.0,4.0,,512.0,0.03179107792675495,70523999872.0,1429340160.0,inception,0.0,198.0,27161264.0,0.0,0.0,0.0,96.0,434958592.0,1.0,1613824.0,,,,,2.0,0.0,,,,,,
96.0,22686984960.0,1.0,0.0,2.0,16384000.0,,,1.0,relu,1437728768.0,8.0,,224.0,0.016828818991780282,22852541696.0,1437728768.0,inception,0.0,198.0,27161264.0,0.0,0.0,0.0,96.0,148746752.0,1.0,425984.0,,,,,2.0,0.0,,,,,,
96.0,75551476480.0,1.0,0.0,2.0,16384000.0,,,1.0,relu,1584529408.0,8.0,,384.0,0.031228851154446607,76044856576.0,1584529408.0,inception,0.0,198.0,27161264.0,0.0,0.0,0.0,96.0,475341312.0,1.0,1654784.0,,,,,2.0,0.0,,,,,,
96.0,140158470912.0,1.0,0.0,2.0,16384000.0,,,1.0,relu,1878130688.0,8.0,,512.0,0.05529597364366055,141047999744.0,1878130688.0,inception,0.0,198.0,27161264.0,0.0,0.0,0.0,96.0,869917184.0,1.0,3227648.0,,,,,2.0,0.0,,,,,,
59.0,1497352192.0,3.0,0.0,5.0,1024000.0,,,1.0,relu,770834432.0,1.0,,224.0,0.0072587914764881125,1511332032.0,770834432.0,googlenet,0.0,140.0,13004888.0,0.0,0.0,0.0,59.0,12904640.0,1.0,51200.0,,,,,13.0,0.0,,,,,,
59.0,4400381952.0,3.0,0.0,5.0,1024000.0,,,1.0,relu,800194560.0,1.0,,384.0,0.007166007161140442,4439478272.0,800194560.0,googlenet,0.0,140.0,13004888.0,0.0,0.0,0.0,59.0,37923840.0,1.0,148480.0,,,,,13.0,0.0,,,,,,
59.0,7822901248.0,3.0,0.0,5.0,1024000.0,,,1.0,relu,850526208.0,1.0,,512.0,0.0072769150137901315,7891608576.0,850526208.0,googlenet,0.0,140.0,13004888.0,0.0,0.0,0.0,59.0,67420160.0,1.0,263168.0,,,,,13.0,0.0,,,,,,
59.0,2994704384.0,3.0,0.0,5.0,2048000.0,,,1.0,relu,850526208.0,2.0,,224.0,0.007655825465917587,3022664064.0,850526208.0,googlenet,0.0,140.0,13004888.0,0.0,0.0,0.0,59.0,25809280.0,1.0,102400.0,,,,,13.0,0.0,,,,,,
59.0,8800763904.0,3.0,0.0,5.0,2048000.0,,,1.0,relu,865206272.0,2.0,,384.0,0.007222117111086846,8878956544.0,865206272.0,googlenet,0.0,140.0,13004888.0,0.0,0.0,0.0,59.0,75847680.0,1.0,296960.0,,,,,13.0,0.0,,,,,,
59.0,15645802496.0,3.0,0.0,5.0,2048000.0,,,1.0,relu,932315136.0,2.0,,512.0,0.008882198482751845,15783217152.0,932315136.0,googlenet,0.0,140.0,13004888.0,0.0,0.0,0.0,59.0,134840320.0,1.0,526336.0,,,,,13.0,0.0,,,,,,
59.0,5989408768.0,3.0,0.0,5.0,4096000.0,,,1.0,relu,932315136.0,4.0,,224.0,0.007348652184009551,6045328128.0,932315136.0,googlenet,0.0,140.0,13004888.0,0.0,0.0,0.0,59.0,51618560.0,1.0,204800.0,,,,,13.0,0.0,,,,,,
59.0,17601527808.0,3.0,0.0,5.0,4096000.0,,,1.0,relu,1007812608.0,4.0,,384.0,0.009168266505002977,17757913088.0,1007812608.0,googlenet,0.0,140.0,13004888.0,0.0,0.0,0.0,59.0,151695360.0,1.0,593920.0,,,,,13.0,0.0,,,,,,
59.0,31291604992.0,3.0,0.0,5.0,4096000.0,,,1.0,relu,1142030336.0,4.0,,512.0,0.013256517052650452,31566434304.0,1142030336.0,googlenet,0.0,140.0,13004888.0,0.0,0.0,0.0,59.0,269680640.0,1.0,1052672.0,,,,,13.0,0.0,,,,,,
59.0,11978817536.0,3.0,0.0,5.0,8192000.0,,,1.0,relu,1142030336.0,8.0,,224.0,0.007226065918803215,12090656256.0,1142030336.0,googlenet,0.0,140.0,13004888.0,0.0,0.0,0.0,59.0,103237120.0,1.0,409600.0,,,,,13.0,0.0,,,,,,
59.0,35203055616.0,3.0,0.0,5.0,8192000.0,,,1.0,relu,1293025280.0,8.0,,384.0,0.015170449018478391,35515826176.0,1293025280.0,googlenet,0.0,140.0,13004888.0,0.0,0.0,0.0,59.0,303390720.0,1.0,1187840.0,,,,,13.0,0.0,,,,,,
59.0,62583209984.0,3.0,0.0,5.0,8192000.0,,,1.0,relu,1561460736.0,8.0,,512.0,0.024446394667029383,63132868608.0,1561460736.0,googlenet,0.0,140.0,13004888.0,0.0,0.0,0.0,59.0,539361280.0,1.0,2105344.0,,,,,13.0,0.0,,,,,,
56.0,143883992.0,,,1.0,1024000.0,,,1.0,relu,716308480.0,1.0,,224.0,0.007035787031054497,152708792.0,716308480.0,shufflenet,0.0,151.0,2278604.0,0.0,0.0,0.0,56.0,7800800.0,,,,,37.0,0.0,1.0,0.0,,,,,,
56.0,422842752.0,,,1.0,1024000.0,,,1.0,relu,718405632.0,1.0,,384.0,0.006977713853120804,446791552.0,718405632.0,shufflenet,0.0,151.0,2278604.0,0.0,0.0,0.0,56.0,22924800.0,,,,,37.0,0.0,1.0,0.0,,,,,,
56.0,751720448.0,,,1.0,1024000.0,,,1.0,relu,743571456.0,1.0,,512.0,0.00709366463124752,793499648.0,743571456.0,shufflenet,0.0,151.0,2278604.0,0.0,0.0,0.0,56.0,40755200.0,,,,,37.0,0.0,1.0,0.0,,,,,,
56.0,287767984.0,,,1.0,2048000.0,,,1.0,relu,743571456.0,2.0,,224.0,0.0073703650385141374,305417584.0,743571456.0,shufflenet,0.0,151.0,2278604.0,0.0,0.0,0.0,56.0,15601600.0,,,,,37.0,0.0,1.0,0.0,,,,,,
56.0,845685504.0,,,1.0,2048000.0,,,1.0,relu,743571456.0,2.0,,384.0,0.007484609633684158,893583104.0,743571456.0,shufflenet,0.0,151.0,2278604.0,0.0,0.0,0.0,56.0,45849600.0,,,,,37.0,0.0,1.0,0.0,,,,,,
56.0,1503440896.0,,,1.0,2048000.0,,,1.0,relu,756154368.0,2.0,,512.0,0.007396115735173225,1586999296.0,756154368.0,shufflenet,0.0,151.0,2278604.0,0.0,0.0,0.0,56.0,81510400.0,,,,,37.0,0.0,1.0,0.0,,,,,,
56.0,575535968.0,,,1.0,4096000.0,,,1.0,relu,756154368.0,4.0,,224.0,0.007231223955750466,610835168.0,756154368.0,shufflenet,0.0,151.0,2278604.0,0.0,0.0,0.0,56.0,31203200.0,,,,,37.0,0.0,1.0,0.0,,,,,,
56.0,1691371008.0,,,1.0,4096000.0,,,1.0,relu,756154368.0,4.0,,384.0,0.007117919251322745,1787166208.0,756154368.0,shufflenet,0.0,151.0,2278604.0,0.0,0.0,0.0,56.0,91699200.0,,,,,37.0,0.0,1.0,0.0,,,,,,
56.0,3006881792.0,,,1.0,4096000.0,,,1.0,relu,806486016.0,4.0,,512.0,0.007222579419612884,3173998592.0,806486016.0,shufflenet,0.0,151.0,2278604.0,0.0,0.0,0.0,56.0,163020800.0,,,,,37.0,0.0,1.0,0.0,,,,,,
56.0,1151071936.0,,,1.0,8192000.0,,,1.0,relu,806486016.0,8.0,,224.0,0.007128104940056801,1221670336.0,806486016.0,shufflenet,0.0,151.0,2278604.0,0.0,0.0,0.0,56.0,62406400.0,,,,,37.0,0.0,1.0,0.0,,,,,,
56.0,3382742016.0,,,1.0,8192000.0,,,1.0,relu,865206272.0,8.0,,384.0,0.0071982935070991514,3574332416.0,865206272.0,shufflenet,0.0,151.0,2278604.0,0.0,0.0,0.0,56.0,183398400.0,,,,,37.0,0.0,1.0,0.0,,,,,,
56.0,6013763584.0,,,1.0,8192000.0,,,1.0,relu,965869568.0,8.0,,512.0,0.010738281905651093,6347997184.0,965869568.0,shufflenet,0.0,151.0,2278604.0,0.0,0.0,0.0,56.0,326041600.0,,,,,37.0,0.0,1.0,0.0,,,,,,
52.0,299494272.0,1.0,0.0,1.0,1280000.0,,,1.0,relu,720502784.0,1.0,,224.0,0.00573040172457695,327486720.0,720502784.0,mobilenet_v2,0.0,141.0,3504872.0,0.0,0.0,0.0,52.0,26712448.0,,,,,35.0,0.0,,,,,,,,
52.0,880146432.0,1.0,0.0,1.0,1280000.0,,,1.0,relu,758251520.0,1.0,,384.0,0.00569029375910759,959928320.0,758251520.0,mobilenet_v2,0.0,141.0,3504872.0,0.0,0.0,0.0,52.0,78501888.0,,,,,35.0,0.0,,,,,,,,
52.0,1564704768.0,1.0,0.0,1.0,1280000.0,,,1.0,relu,812777472.0,1.0,,512.0,0.0056414417922496796,1705543680.0,812777472.0,mobilenet_v2,0.0,141.0,3504872.0,0.0,0.0,0.0,52.0,139558912.0,,,,,35.0,0.0,,,,,,,,
52.0,598988544.0,1.0,0.0,1.0,2560000.0,,,1.0,relu,812777472.0,2.0,,224.0,0.005678195878863335,654973440.0,812777472.0,mobilenet_v2,0.0,141.0,3504872.0,0.0,0.0,0.0,52.0,53424896.0,,,,,35.0,0.0,,,,,,,,
52.0,1760292864.0,1.0,0.0,1.0,2560000.0,,,1.0,relu,871497728.0,2.0,,384.0,0.0057448972016572964,1919856640.0,871497728.0,mobilenet_v2,0.0,141.0,3504872.0,0.0,0.0,0.0,52.0,157003776.0,,,,,35.0,0.0,,,,,,,,
52.0,3129409536.0,1.0,0.0,1.0,2560000.0,,,1.0,relu,972161024.0,2.0,,512.0,0.008960754051804543,3411087360.0,972161024.0,mobilenet_v2,0.0,141.0,3504872.0,0.0,0.0,0.0,52.0,279117824.0,,,,,35.0,0.0,,,,,,,,
52.0,1197977088.0,1.0,0.0,1.0,5120000.0,,,1.0,relu,972161024.0,4.0,,224.0,0.005758539959788323,1309946880.0,972161024.0,mobilenet_v2,0.0,141.0,3504872.0,0.0,0.0,0.0,52.0,106849792.0,,,,,35.0,0.0,,,,,,,,
52.0,3520585728.0,1.0,0.0,1.0,5120000.0,,,1.0,relu,1085407232.0,4.0,,384.0,0.00959840603172779,3839713280.0,1085407232.0,mobilenet_v2,0.0,141.0,3504872.0,0.0,0.0,0.0,52.0,314007552.0,,,,,35.0,0.0,,,,,,,,
52.0,6258819072.0,1.0,0.0,1.0,5120000.0,,,1.0,relu,1286733824.0,4.0,,512.0,0.01668745167553425,6822174720.0,1286733824.0,mobilenet_v2,0.0,141.0,3504872.0,0.0,0.0,0.0,52.0,558235648.0,,,,,35.0,0.0,,,,,,,,
52.0,2395954176.0,1.0,0.0,1.0,10240000.0,,,1.0,relu,1286733824.0,8.0,,224.0,0.006550983712077141,2619893760.0,1286733824.0,mobilenet_v2,0.0,141.0,3504872.0,0.0,0.0,0.0,52.0,213699584.0,,,,,35.0,0.0,,,,,,,,
52.0,7041171456.0,1.0,0.0,1.0,10240000.0,,,1.0,relu,1513226240.0,8.0,,384.0,0.01787521839141846,7679426560.0,1513226240.0,mobilenet_v2,0.0,141.0,3504872.0,0.0,0.0,0.0,52.0,628015104.0,,,,,35.0,0.0,,,,,,,,
52.0,12517638144.0,1.0,0.0,1.0,10240000.0,,,1.0,relu,1915879424.0,8.0,,512.0,0.03206865973770619,13644349440.0,1915879424.0,mobilenet_v2,0.0,141.0,3504872.0,0.0,0.0,0.0,52.0,1116471296.0,,,,,35.0,0.0,,,,,,,,
53.0,4228431872.0,,,1.0,2048000.0,,,1.0,relu,806486016.0,1.0,,224.0,0.014909284189343452,4288184320.0,806486016.0,resnext50_32x4d,0.0,126.0,25028904.0,0.0,0.0,0.0,53.0,57602048.0,1.0,102400.0,,,17.0,0.0,1.0,0.0,,,,,,
53.0,12426412032.0,,,1.0,2048000.0,,,1.0,relu,940703744.0,1.0,,384.0,0.013143796846270563,12598036480.0,940703744.0,resnext50_32x4d,0.0,126.0,25028904.0,0.0,0.0,0.0,53.0,169279488.0,1.0,296960.0,,,17.0,0.0,1.0,0.0,,,,,,
53.0,22091399168.0,,,1.0,2048000.0,,,1.0,relu,940703744.0,1.0,,512.0,0.019242205843329432,22394914816.0,940703744.0,resnext50_32x4d,0.0,126.0,25028904.0,0.0,0.0,0.0,53.0,300941312.0,1.0,526336.0,,,17.0,0.0,1.0,0.0,,,,,,
53.0,8456863744.0,,,1.0,4096000.0,,,1.0,relu,940703744.0,2.0,,224.0,0.013784845545887943,8576368640.0,940703744.0,resnext50_32x4d,0.0,126.0,25028904.0,0.0,0.0,0.0,53.0,115204096.0,1.0,204800.0,,,17.0,0.0,1.0,0.0,,,,,,
53.0,24852824064.0,,,1.0,4096000.0,,,1.0,relu,1087504384.0,2.0,,384.0,0.020232382416725158,25196072960.0,1087504384.0,resnext50_32x4d,0.0,126.0,25028904.0,0.0,0.0,0.0,53.0,338558976.0,1.0,593920.0,,,17.0,0.0,1.0,0.0,,,,,,
53.0,44182798336.0,,,1.0,4096000.0,,,1.0,relu,1188167680.0,2.0,,512.0,0.03022794425487518,44789829632.0,1188167680.0,resnext50_32x4d,0.0,126.0,25028904.0,0.0,0.0,0.0,53.0,601882624.0,1.0,1052672.0,,,17.0,0.0,1.0,0.0,,,,,,
53.0,16913727488.0,,,1.0,8192000.0,,,1.0,relu,1188167680.0,4.0,,224.0,0.01422363966703415,17152737280.0,1188167680.0,resnext50_32x4d,0.0,126.0,25028904.0,0.0,0.0,0.0,53.0,230408192.0,1.0,409600.0,,,17.0,0.0,1.0,0.0,,,,,,
53.0,49705648128.0,,,1.0,8192000.0,,,1.0,relu,1301413888.0,4.0,,384.0,0.0312436867505312,50392145920.0,1301413888.0,resnext50_32x4d,0.0,126.0,25028904.0,0.0,0.0,0.0,53.0,677117952.0,1.0,1187840.0,,,17.0,0.0,1.0,0.0,,,,,,
53.0,88365596672.0,,,1.0,8192000.0,,,1.0,relu,1502740480.0,4.0,,512.0,0.049638756737113,89579659264.0,1502740480.0,resnext50_32x4d,0.0,126.0,25028904.0,0.0,0.0,0.0,53.0,1203765248.0,1.0,2105344.0,,,17.0,0.0,1.0,0.0,,,,,,
53.0,33827454976.0,,,1.0,16384000.0,,,1.0,relu,1511129088.0,8.0,,224.0,0.02494390308856964,34305474560.0,1511129088.0,resnext50_32x4d,0.0,126.0,25028904.0,0.0,0.0,0.0,53.0,460816384.0,1.0,819200.0,,,17.0,0.0,1.0,0.0,,,,,,
53.0,99411296256.0,,,1.0,16384000.0,,,1.0,relu,1737621504.0,8.0,,384.0,0.05464989058673382,100784291840.0,1737621504.0,resnext50_32x4d,0.0,126.0,25028904.0,0.0,0.0,0.0,53.0,1354235904.0,1.0,2375680.0,,,17.0,0.0,1.0,0.0,,,,,,
53.0,176731193344.0,,,1.0,16384000.0,,,1.0,relu,2140274688.0,8.0,,512.0,0.09190713055431844,179159318528.0,2140274688.0,resnext50_32x4d,0.0,126.0,25028904.0,0.0,0.0,0.0,53.0,2407530496.0,1.0,4210688.0,,,17.0,0.0,1.0,0.0,,,,,,
53.0,11395973120.0,,,1.0,2048000.0,,,1.0,relu,1137836032.0,1.0,,224.0,0.008657357469201089,11455725568.0,1137836032.0,wide_resnet50_2,0.0,126.0,68883240.0,0.0,0.0,0.0,53.0,57602048.0,1.0,102400.0,,,17.0,0.0,1.0,0.0,,,,,,
53.0,33490206720.0,,,1.0,2048000.0,,,1.0,relu,1439825920.0,1.0,,384.0,0.01289479061961174,33661831168.0,1439825920.0,wide_resnet50_2,0.0,126.0,68883240.0,0.0,0.0,0.0,53.0,169279488.0,1.0,296960.0,,,17.0,0.0,1.0,0.0,,,,,,
53.0,59538145280.0,,,1.0,2048000.0,,,1.0,relu,1439825920.0,1.0,,512.0,0.018148113787174226,59841660928.0,1439825920.0,wide_resnet50_2,0.0,126.0,68883240.0,0.0,0.0,0.0,53.0,300941312.0,1.0,526336.0,,,17.0,0.0,1.0,0.0,,,,,,
53.0,22791946240.0,,,1.0,4096000.0,,,1.0,relu,1439825920.0,2.0,,224.0,0.010102317854762077,22911451136.0,1439825920.0,wide_resnet50_2,0.0,126.0,68883240.0,0.0,0.0,0.0,53.0,115204096.0,1.0,204800.0,,,17.0,0.0,1.0,0.0,,,,,,
53.0,66980413440.0,,,1.0,4096000.0,,,1.0,relu,1754398720.0,2.0,,384.0,0.01994508467614651,67323662336.0,1754398720.0,wide_resnet50_2,0.0,126.0,68883240.0,0.0,0.0,0.0,53.0,338558976.0,1.0,593920.0,,,17.0,0.0,1.0,0.0,,,,,,
53.0,119076290560.0,,,1.0,4096000.0,,,1.0,relu,1754398720.0,2.0,,512.0,0.03182661235332489,119683321856.0,1754398720.0,wide_resnet50_2,0.0,126.0,68883240.0,0.0,0.0,0.0,53.0,601882624.0,1.0,1052672.0,,,17.0,0.0,1.0,0.0,,,,,,
53.0,45583892480.0,,,1.0,8192000.0,,,1.0,relu,1756495872.0,4.0,,224.0,0.014883073046803474,45822902272.0,1756495872.0,wide_resnet50_2,0.0,126.0,68883240.0,0.0,0.0,0.0,53.0,230408192.0,1.0,409600.0,,,17.0,0.0,1.0,0.0,,,,,,
53.0,133960826880.0,,,1.0,8192000.0,,,1.0,relu,1756495872.0,4.0,,384.0,0.03569908700883388,134647324672.0,1756495872.0,wide_resnet50_2,0.0,126.0,68883240.0,0.0,0.0,0.0,53.0,677117952.0,1.0,1187840.0,,,17.0,0.0,1.0,0.0,,,,,,
53.0,238152581120.0,,,1.0,8192000.0,,,1.0,relu,1890713600.0,4.0,,512.0,0.058427995815873136,239366643712.0,1890713600.0,wide_resnet50_2,0.0,126.0,68883240.0,0.0,0.0,0.0,53.0,1203765248.0,1.0,2105344.0,,,17.0,0.0,1.0,0.0,,,,,,
53.0,91167784960.0,,,1.0,16384000.0,,,1.0,relu,2031222784.0,8.0,,224.0,0.02634183056652546,91645804544.0,2031222784.0,wide_resnet50_2,0.0,126.0,68883240.0,0.0,0.0,0.0,53.0,460816384.0,1.0,819200.0,,,17.0,0.0,1.0,0.0,,,,,,
53.0,267921653760.0,,,1.0,16384000.0,,,1.0,relu,2106720256.0,8.0,,384.0,0.06755701154470442,269294649344.0,2106720256.0,wide_resnet50_2,0.0,126.0,68883240.0,0.0,0.0,0.0,53.0,1354235904.0,1.0,2375680.0,,,17.0,0.0,1.0,0.0,,,,,,
53.0,476305162240.0,,,1.0,16384000.0,,,1.0,relu,2509373440.0,8.0,,512.0,0.11260382868349553,478733287424.0,2509373440.0,wide_resnet50_2,0.0,126.0,68883240.0,0.0,0.0,0.0,53.0,2407530496.0,1.0,4210688.0,,,17.0,0.0,1.0,0.0,,,,,,
52.0,313135872.0,1.0,0.0,1.0,1280000.0,,,1.0,relu,724697088.0,1.0,,224.0,0.005236543715000154,336242432.0,724697088.0,mnasnet,0.0,141.0,4383312.0,0.0,0.0,0.0,52.0,21826560.0,,,,,35.0,0.0,,,,,,,,
52.0,920236032.0,1.0,0.0,1.0,1280000.0,,,1.0,relu,754057216.0,1.0,,384.0,0.00507982075214386,985659392.0,754057216.0,mnasnet,0.0,141.0,4383312.0,0.0,0.0,0.0,52.0,64143360.0,,,,,35.0,0.0,,,,,,,,
52.0,1635975168.0,1.0,0.0,1.0,1280000.0,,,1.0,relu,768737280.0,1.0,,512.0,0.0051761940121650704,1751287808.0,768737280.0,mnasnet,0.0,141.0,4383312.0,0.0,0.0,0.0,52.0,114032640.0,,,,,35.0,0.0,,,,,,,,
52.0,626271744.0,1.0,0.0,1.0,2560000.0,,,1.0,relu,777125888.0,2.0,,224.0,0.005098351836204529,672484864.0,777125888.0,mnasnet,0.0,141.0,4383312.0,0.0,0.0,0.0,52.0,43653120.0,,,,,35.0,0.0,,,,,,,,
52.0,1840472064.0,1.0,0.0,1.0,2560000.0,,,1.0,relu,806486016.0,2.0,,384.0,0.005155842378735542,1971318784.0,806486016.0,mnasnet,0.0,141.0,4383312.0,0.0,0.0,0.0,52.0,128286720.0,,,,,35.0,0.0,,,,,,,,
52.0,3271950336.0,1.0,0.0,1.0,2560000.0,,,1.0,relu,884080640.0,2.0,,512.0,0.008508897945284843,3502575616.0,884080640.0,mnasnet,0.0,141.0,4383312.0,0.0,0.0,0.0,52.0,228065280.0,,,,,35.0,0.0,,,,,,,,
52.0,1252543488.0,1.0,0.0,1.0,5120000.0,,,1.0,relu,884080640.0,4.0,,224.0,0.005169070512056351,1344969728.0,884080640.0,mnasnet,0.0,141.0,4383312.0,0.0,0.0,0.0,52.0,87306240.0,,,,,35.0,0.0,,,,,,,,
52.0,3680944128.0,1.0,0.0,1.0,5120000.0,,,1.0,relu,942800896.0,4.0,,384.0,0.009122371673583984,3942637568.0,942800896.0,mnasnet,0.0,141.0,4383312.0,0.0,0.0,0.0,52.0,256573440.0,,,,,35.0,0.0,,,,,,,,
52.0,6543900672.0,1.0,0.0,1.0,5120000.0,,,1.0,relu,1118961664.0,4.0,,512.0,0.015617205575108529,7005151232.0,1118961664.0,mnasnet,0.0,141.0,4383312.0,0.0,0.0,0.0,52.0,456130560.0,,,,,35.0,0.0,,,,,,,,
52.0,2505086976.0,1.0,0.0,1.0,10240000.0,,,1.0,relu,1118961664.0,8.0,,224.0,0.0062939532101154326,2689939456.0,1118961664.0,mnasnet,0.0,141.0,4383312.0,0.0,0.0,0.0,52.0,174612480.0,,,,,35.0,0.0,,,,,,,,
52.0,7361888256.0,1.0,0.0,1.0,10240000.0,,,1.0,relu,1232207872.0,8.0,,384.0,0.016754842922091485,7885275136.0,1232207872.0,mnasnet,0.0,141.0,4383312.0,0.0,0.0,0.0,52.0,513146880.0,,,,,35.0,0.0,,,,,,,,
52.0,13087801344.0,1.0,0.0,1.0,10240000.0,,,1.0,relu,1567752192.0,8.0,,512.0,0.029941726475954056,14010302464.0,1567752192.0,mnasnet,0.0,141.0,4383312.0,0.0,0.0,0.0,52.0,912261120.0,,,,,35.0,0.0,,,,,,,,
,,37.0,0.0,73.0,5436407808.0,25.0,4915200.0,1.0,relu,1175584768.0,1.0,,64.0,0.009219498187303544,5441323008.0,1175584768.0,bert,0.0,135.0,109482240.0,0.0,0.0,0.0,,,,,,,,,,,,,,,,
,,37.0,0.0,73.0,10872225792.0,25.0,9830400.0,1.0,relu,1649541120.0,1.0,,128.0,0.00923016332089901,10882056192.0,1649541120.0,bert,0.0,135.0,109482240.0,0.0,0.0,0.0,,,,,,,,,,,,,,,,
,,37.0,0.0,73.0,21743861760.0,25.0,19660800.0,1.0,relu,1651638272.0,1.0,,256.0,0.010980328917503356,21763522560.0,1651638272.0,bert,0.0,135.0,109482240.0,0.0,0.0,0.0,,,,,,,,,,,,,,,,
,,37.0,0.0,73.0,10872815616.0,25.0,9830400.0,1.0,relu,1651638272.0,2.0,,64.0,0.009657165408134459,10882646016.0,1651638272.0,bert,0.0,135.0,109482240.0,0.0,0.0,0.0,,,,,,,,,,,,,,,,
,,37.0,0.0,73.0,21744451584.0,25.0,19660800.0,1.0,relu,1651638272.0,2.0,,128.0,0.010418584942817688,21764112384.0,1651638272.0,bert,0.0,135.0,109482240.0,0.0,0.0,0.0,,,,,,,,,,,,,,,,
,,37.0,0.0,73.0,43487723520.0,25.0,39321600.0,1.0,relu,1651638272.0,2.0,,256.0,0.018698908388614655,43527045120.0,1651638272.0,bert,0.0,135.0,109482240.0,0.0,0.0,0.0,,,,,,,,,,,,,,,,
,,37.0,0.0,73.0,21745631232.0,25.0,19660800.0,1.0,relu,2033319936.0,4.0,,64.0,0.01013064943253994,21765292032.0,2033319936.0,bert,0.0,135.0,109482240.0,0.0,0.0,0.0,,,,,,,,,,,,,,,,
,,37.0,0.0,73.0,43488903168.0,25.0,39321600.0,1.0,relu,2033319936.0,4.0,,128.0,0.017299709469079973,43528224768.0,2033319936.0,bert,0.0,135.0,109482240.0,0.0,0.0,0.0,,,,,,,,,,,,,,,,
,,37.0,0.0,73.0,86975447040.0,25.0,78643200.0,1.0,relu,2033319936.0,4.0,,256.0,0.03434991799294949,87054090240.0,2033319936.0,bert,0.0,135.0,109482240.0,0.0,0.0,0.0,,,,,,,,,,,,,,,,
,,37.0,0.0,73.0,43491262464.0,25.0,39321600.0,1.0,relu,2033319936.0,8.0,,64.0,0.016751426830887796,43530584064.0,2033319936.0,bert,0.0,135.0,109482240.0,0.0,0.0,0.0,,,,,,,,,,,,,,,,
,,37.0,0.0,73.0,86977806336.0,25.0,78643200.0,1.0,relu,2033319936.0,8.0,,128.0,0.03164804317057133,87056449536.0,2033319936.0,bert,0.0,135.0,109482240.0,0.0,0.0,0.0,,,,,,,,,,,,,,,,
,,37.0,0.0,73.0,173950894080.0,25.0,157286400.0,1.0,relu,2033319936.0,8.0,,256.0,0.06026678420603275,174108180480.0,2033319936.0,bert,0.0,135.0,109482240.0,0.0,0.0,0.0,,,,,,,,,,,,,,,,
,,13.0,0.0,36.0,2717908992.0,13.0,2555904.0,1.0,relu,965869568.0,1.0,,64.0,0.005129145458340646,2720464896.0,965869568.0,distilbert,0.0,62.0,66362880.0,0.0,0.0,0.0,,,,,,,,,,,,,,,,
,,13.0,0.0,36.0,5435817984.0,13.0,5111808.0,1.0,relu,1251082240.0,1.0,,128.0,0.004997666925191879,5440929792.0,1251082240.0,distilbert,0.0,62.0,66362880.0,0.0,0.0,0.0,,,,,,,,,,,,,,,,
,,13.0,0.0,36.0,10871635968.0,13.0,10223616.0,1.0,relu,1253179392.0,1.0,,256.0,0.005593210458755493,10881859584.0,1253179392.0,distilbert,0.0,62.0,66362880.0,0.0,0.0,0.0,,,,,,,,,,,,,,,,
,,13.0,0.0,36.0,5435817984.0,13.0,5111808.0,1.0,relu,1253179392.0,2.0,,64.0,0.0054767630994319895,5440929792.0,1253179392.0,distilbert,0.0,62.0,66362880.0,0.0,0.0,0.0,,,,,,,,,,,,,,,,
,,13.0,0.0,36.0,10871635968.0,13.0,10223616.0,1.0,relu,1253179392.0,2.0,,128.0,0.00539182722568512,10881859584.0,1253179392.0,distilbert,0.0,62.0,66362880.0,0.0,0.0,0.0,,,,,,,,,,,,,,,,
,,13.0,0.0,36.0,21743271936.0,13.0,20447232.0,1.0,relu,1253179392.0,2.0,,256.0,0.008993774279952049,21763719168.0,1253179392.0,distilbert,0.0,62.0,66362880.0,0.0,0.0,0.0,,,,,,,,,,,,,,,,
,,13.0,0.0,36.0,10871635968.0,13.0,10223616.0,1.0,relu,1255276544.0,4.0,,64.0,0.005259546265006065,10881859584.0,1255276544.0,distilbert,0.0,62.0,66362880.0,0.0,0.0,0.0,,,,,,,,,,,,,,,,
,,13.0,0.0,36.0,21743271936.0,13.0,20447232.0,1.0,relu,1255276544.0,4.0,,128.0,0.008465886488556862,21763719168.0,1255276544.0,distilbert,0.0,62.0,66362880.0,0.0,0.0,0.0,,,,,,,,,,,,,,,,
,,13.0,0.0,36.0,43486543872.0,13.0,40894464.0,1.0,relu,1255276544.0,4.0,,256.0,0.016734257340431213,43527438336.0,1255276544.0,distilbert,0.0,62.0,66362880.0,0.0,0.0,0.0,,,,,,,,,,,,,,,,
,,13.0,0.0,36.0,21743271936.0,13.0,20447232.0,1.0,relu,1255276544.0,8.0,,64.0,0.008247417584061622,21763719168.0,1255276544.0,distilbert,0.0,62.0,66362880.0,0.0,0.0,0.0,,,,,,,,,,,,,,,,
,,13.0,0.0,36.0,43486543872.0,13.0,40894464.0,1.0,relu,1255276544.0,8.0,,128.0,0.015741997957229616,43527438336.0,1255276544.0,distilbert,0.0,62.0,66362880.0,0.0,0.0,0.0,,,,,,,,,,,,,,,,
,,13.0,0.0,36.0,86973087744.0,13.0,81788928.0,1.0,relu,1255276544.0,8.0,,256.0,0.028988726809620856,87054876672.0,1255276544.0,distilbert,0.0,62.0,66362880.0,0.0,0.0,0.0,,,,,,,,,,,,,,,,
,,61.0,0.0,84.0,4133486592.0,29.0,3735552.0,1.0,relu,1265762304.0,1.0,,64.0,0.024868690222501755,4137222144.0,1265762304.0,funnel_transformer,0.0,174.0,130973184.0,0.0,0.0,0.0,,,,,,,,,,,,,,,,
,,61.0,0.0,84.0,8266973184.0,29.0,7471104.0,1.0,relu,1846673408.0,1.0,,128.0,0.02288283444941044,8274444288.0,1846673408.0,funnel_transformer,0.0,174.0,130973184.0,0.0,0.0,0.0,,,,,,,,,,,,,,,,
,,61.0,0.0,84.0,16533946368.0,29.0,14942208.0,1.0,relu,1852964864.0,1.0,,256.0,0.02335427366197109,16548888576.0,1852964864.0,funnel_transformer,0.0,174.0,130973184.0,0.0,0.0,0.0,,,,,,,,,,,,,,,,
,,61.0,0.0,84.0,8266973184.0,29.0,7471104.0,1.0,relu,1852964864.0,2.0,,64.0,0.022800203412771225,8274444288.0,1852964864.0,funnel_transformer,0.0,174.0,130973184.0,0.0,0.0,0.0,,,,,,,,,,,,,,,,
,,61.0,0.0,84.0,16533946368.0,29.0,14942208.0,1.0,relu,1855062016.0,2.0,,128.0,0.02310110330581665,16548888576.0,1855062016.0,funnel_transformer,0.0,174.0,130973184.0,0.0,0.0,0.0,,,,,,,,,,,,,,,,
,,61.0,0.0,84.0,33067892736.0,29.0,29884416.0,1.0,relu,1855062016.0,2.0,,256.0,0.0251333549618721,33097777152.0,1855062016.0,funnel_transformer,0.0,174.0,130973184.0,0.0,0.0,0.0,,,,,,,,,,,,,,,,
,,61.0,0.0,84.0,16533946368.0,29.0,14942208.0,1.0,relu,1855062016.0,4.0,,64.0,0.02359362281858921,16548888576.0,1855062016.0,funnel_transformer,0.0,174.0,130973184.0,0.0,0.0,0.0,,,,,,,,,,,,,,,,
,,61.0,0.0,84.0,33067892736.0,29.0,29884416.0,1.0,relu,1855062016.0,4.0,,128.0,0.024275388196110727,33097777152.0,1855062016.0,funnel_transformer,0.0,174.0,130973184.0,0.0,0.0,0.0,,,,,,,,,,,,,,,,
,,61.0,0.0,84.0,66135785472.0,29.0,59768832.0,1.0,relu,1855062016.0,4.0,,256.0,0.0408303901553154,66195554304.0,1855062016.0,funnel_transformer,0.0,174.0,130973184.0,0.0,0.0,0.0,,,,,,,,,,,,,,,,
,,61.0,0.0,84.0,33067892736.0,29.0,29884416.0,1.0,relu,1855062016.0,8.0,,64.0,0.024304449185729028,33097777152.0,1855062016.0,funnel_transformer,0.0,174.0,130973184.0,0.0,0.0,0.0,,,,,,,,,,,,,,,,
,,61.0,0.0,84.0,66135785472.0,29.0,59768832.0,1.0,relu,1855062016.0,8.0,,128.0,0.03703976571559906,66195554304.0,1855062016.0,funnel_transformer,0.0,174.0,130973184.0,0.0,0.0,0.0,,,,,,,,,,,,,,,,
,,61.0,0.0,84.0,132271570944.0,29.0,119537664.0,1.0,relu,1930559488.0,8.0,,256.0,0.07123520523309708,132391108608.0,1930559488.0,funnel_transformer,0.0,174.0,130973184.0,0.0,0.0,0.0,,,,,,,,,,,,,,,,
,,4.0,0.0,8.0,5442699264.0,3.0,4751360.0,1.0,relu,743571456.0,1.0,,64.0,0.010726141557097436,5447450624.0,743571456.0,albert,0.0,15.0,11683584.0,0.0,0.0,0.0,,,,,,,,,,,,,,,,
,,4.0,0.0,8.0,10884808704.0,3.0,9502720.0,1.0,relu,804388864.0,1.0,,128.0,0.01106204017996788,10894311424.0,804388864.0,albert,0.0,15.0,11683584.0,0.0,0.0,0.0,,,,,,,,,,,,,,,,
,,4.0,0.0,8.0,21769027584.0,3.0,19005440.0,1.0,relu,827457536.0,1.0,,256.0,0.014004179462790487,21788033024.0,827457536.0,albert,0.0,15.0,11683584.0,0.0,0.0,0.0,,,,,,,,,,,,,,,,
,,4.0,0.0,8.0,10885398528.0,3.0,9502720.0,1.0,relu,827457536.0,2.0,,64.0,0.014682108908891678,10894901248.0,827457536.0,albert,0.0,15.0,11683584.0,0.0,0.0,0.0,,,,,,,,,,,,,,,,
,,4.0,0.0,8.0,21769617408.0,3.0,19005440.0,1.0,relu,827457536.0,2.0,,128.0,0.014648448675870897,21788622848.0,827457536.0,albert,0.0,15.0,11683584.0,0.0,0.0,0.0,,,,,,,,,,,,,,,,
,,4.0,0.0,8.0,43538055168.0,3.0,38010880.0,1.0,relu,827457536.0,2.0,,256.0,0.02148185297846794,43576066048.0,827457536.0,albert,0.0,15.0,11683584.0,0.0,0.0,0.0,,,,,,,,,,,,,,,,
,,4.0,0.0,8.0,21770797056.0,3.0,19005440.0,1.0,relu,829554688.0,4.0,,64.0,0.014667388424277306,21789802496.0,829554688.0,albert,0.0,15.0,11683584.0,0.0,0.0,0.0,,,,,,,,,,,,,,,,
,,4.0,0.0,8.0,43539234816.0,3.0,38010880.0,1.0,relu,829554688.0,4.0,,128.0,0.02035360112786293,43577245696.0,829554688.0,albert,0.0,15.0,11683584.0,0.0,0.0,0.0,,,,,,,,,,,,,,,,
,,4.0,0.0,8.0,87076110336.0,3.0,76021760.0,1.0,relu,867303424.0,4.0,,256.0,0.040126031264662736,87152132096.0,867303424.0,albert,0.0,15.0,11683584.0,0.0,0.0,0.0,,,,,,,,,,,,,,,,
,,4.0,0.0,8.0,43541594112.0,3.0,38010880.0,1.0,relu,867303424.0,8.0,,64.0,0.01976092830300331,43579604992.0,867303424.0,albert,0.0,15.0,11683584.0,0.0,0.0,0.0,,,,,,,,,,,,,,,,
,,4.0,0.0,8.0,87078469632.0,3.0,76021760.0,1.0,relu,867303424.0,8.0,,128.0,0.038216013833880416,87154491392.0,867303424.0,albert,0.0,15.0,11683584.0,0.0,0.0,0.0,,,,,,,,,,,,,,,,
,,4.0,0.0,8.0,174152220672.0,3.0,152043520.0,1.0,relu,967966720.0,8.0,,256.0,0.07134463526308536,174304264192.0,967966720.0,albert,0.0,15.0,11683584.0,0.0,0.0,0.0,,,,,,,,,,,,,,,,
,,25.0,0.0,109.0,43487133696.0,25.0,39321600.0,1.0,relu,1410465792.0,1.0,,64.0,0.03277185074985027,43526455296.0,1410465792.0,longformer,0.0,159.0,148659456.0,0.0,0.0,0.0,,,,,,,,,,,,,,,,
,,25.0,0.0,109.0,43487133696.0,25.0,39321600.0,1.0,relu,1987182592.0,1.0,,128.0,0.0313683707267046,43526455296.0,1987182592.0,longformer,0.0,159.0,148659456.0,0.0,0.0,0.0,,,,,,,,,,,,,,,,
,,25.0,0.0,109.0,43487133696.0,25.0,39321600.0,1.0,relu,1987182592.0,1.0,,256.0,0.031232893466949463,43526455296.0,1987182592.0,longformer,0.0,159.0,148659456.0,0.0,0.0,0.0,,,,,,,,,,,,,,,,
,,25.0,0.0,109.0,86974267392.0,25.0,78643200.0,1.0,relu,1987182592.0,2.0,,64.0,0.06075033843517304,87052910592.0,1987182592.0,longformer,0.0,159.0,148659456.0,0.0,0.0,0.0,,,,,,,,,,,,,,,,
,,25.0,0.0,109.0,86974267392.0,25.0,78643200.0,1.0,relu,1987182592.0,2.0,,128.0,0.0602487150579691,87052910592.0,1987182592.0,longformer,0.0,159.0,148659456.0,0.0,0.0,0.0,,,,,,,,,,,,,,,,
,,25.0,0.0,109.0,86974267392.0,25.0,78643200.0,1.0,relu,2448556032.0,2.0,,256.0,0.06070947535336017,87052910592.0,2448556032.0,longformer,0.0,159.0,148659456.0,0.0,0.0,0.0,,,,,,,,,,,,,,,,
,,25.0,0.0,109.0,173948534784.0,25.0,157286400.0,1.0,relu,2578579456.0,4.0,,64.0,0.11056132838129998,174105821184.0,2578579456.0,longformer,0.0,159.0,148659456.0,0.0,0.0,0.0,,,,,,,,,,,,,,,,
,,25.0,0.0,109.0,173948534784.0,25.0,157286400.0,1.0,relu,2578579456.0,4.0,,128.0,0.11103468723595142,174105821184.0,2578579456.0,longformer,0.0,159.0,148659456.0,0.0,0.0,0.0,,,,,,,,,,,,,,,,
,,25.0,0.0,109.0,173948534784.0,25.0,157286400.0,1.0,relu,2578579456.0,4.0,,256.0,0.11053985208272936,174105821184.0,2578579456.0,longformer,0.0,159.0,148659456.0,0.0,0.0,0.0,,,,,,,,,,,,,,,,
,,25.0,0.0,109.0,347897069568.0,25.0,314572800.0,1.0,relu,2937192448.0,8.0,,64.0,0.21627766750752925,348211642368.0,2937192448.0,longformer,0.0,159.0,148659456.0,0.0,0.0,0.0,,,,,,,,,,,,,,,,
,,25.0,0.0,109.0,347897069568.0,25.0,314572800.0,1.0,relu,2937192448.0,8.0,,128.0,0.2167107164859772,348211642368.0,2937192448.0,longformer,0.0,159.0,148659456.0,0.0,0.0,0.0,,,,,,,,,,,,,,,,
,,25.0,0.0,109.0,347897069568.0,25.0,314572800.0,1.0,relu,2937192448.0,8.0,,256.0,0.2170087032020092,348211642368.0,2937192448.0,longformer,0.0,159.0,148659456.0,0.0,0.0,0.0,,,,,,,,,,,,,,,,
,,49.0,0.0,361.0,1296039936.0,,,1.0,relu,781320192.0,1.0,,64.0,0.03485371358692646,1296039936.0,781320192.0,mobile_bert,0.0,410.0,24581888.0,0.0,0.0,0.0,,,,,,,,,,,,,,,,
,,49.0,0.0,361.0,2592079872.0,,,1.0,relu,881983488.0,1.0,,128.0,0.03450934998691082,2592079872.0,881983488.0,mobile_bert,0.0,410.0,24581888.0,0.0,0.0,0.0,,,,,,,,,,,,,,,,
,,49.0,0.0,361.0,5184159744.0,,,1.0,relu,965869568.0,1.0,,256.0,0.03544062674045563,5184159744.0,965869568.0,mobile_bert,0.0,410.0,24581888.0,0.0,0.0,0.0,,,,,,,,,,,,,,,,
,,49.0,0.0,361.0,2592079872.0,,,1.0,relu,1041367040.0,2.0,,64.0,0.036571576818823816,2592079872.0,1041367040.0,mobile_bert,0.0,410.0,24581888.0,0.0,0.0,0.0,,,,,,,,,,,,,,,,
,,49.0,0.0,361.0,5184159744.0,,,1.0,relu,1041367040.0,2.0,,128.0,0.035697612911462784,5184159744.0,1041367040.0,mobile_bert,0.0,410.0,24581888.0,0.0,0.0,0.0,,,,,,,,,,,,,,,,
,,49.0,0.0,361.0,10368319488.0,,,1.0,relu,1041367040.0,2.0,,256.0,0.03604460060596466,10368319488.0,1041367040.0,mobile_bert,0.0,410.0,24581888.0,0.0,0.0,0.0,,,,,,,,,,,,,,,,
,,49.0,0.0,361.0,5184159744.0,,,1.0,relu,1041367040.0,4.0,,64.0,0.035671334341168405,5184159744.0,1041367040.0,mobile_bert,0.0,410.0,24581888.0,0.0,0.0,0.0,,,,,,,,,,,,,,,,
,,49.0,0.0,361.0,10368319488.0,,,1.0,relu,1053949952.0,4.0,,128.0,0.03622125871479511,10368319488.0,1053949952.0,mobile_bert,0.0,410.0,24581888.0,0.0,0.0,0.0,,,,,,,,,,,,,,,,
,,49.0,0.0,361.0,20736638976.0,,,1.0,relu,1144127488.0,4.0,,256.0,0.03664725087583065,20736638976.0,1144127488.0,mobile_bert,0.0,410.0,24581888.0,0.0,0.0,0.0,,,,,,,,,,,,,,,,
,,49.0,0.0,361.0,10368319488.0,,,1.0,relu,1156710400.0,8.0,,64.0,0.03705291524529457,10368319488.0,1156710400.0,mobile_bert,0.0,410.0,24581888.0,0.0,0.0,0.0,,,,,,,,,,,,,,,,
,,49.0,0.0,361.0,20736638976.0,,,1.0,relu,1156710400.0,8.0,,128.0,0.0369766678661108,20736638976.0,1156710400.0,mobile_bert,0.0,410.0,24581888.0,0.0,0.0,0.0,,,,,,,,,,,,,,,,
,,49.0,0.0,361.0,41473277952.0,,,1.0,relu,1177681920.0,8.0,,256.0,0.039144464582204816,41473277952.0,1177681920.0,mobile_bert,0.0,410.0,24581888.0,0.0,0.0,0.0,,,,,,,,,,,,,,,,
,,37.0,0.0,1.0,589824.0,1.0,196608.0,1.0,relu,915537920.0,1.0,,64.0,0.015175055712461472,1701239808.0,915537920.0,squeeze_bert,0.0,123.0,51094272.0,0.0,0.0,0.0,,,,,,,,,,,,,12.0,1760256.0,72.0,1698693120.0
,,37.0,0.0,1.0,589824.0,1.0,393216.0,1.0,relu,1137836032.0,1.0,,128.0,0.014810160920023917,3405428736.0,1137836032.0,squeeze_bert,0.0,123.0,51094272.0,0.0,0.0,0.0,,,,,,,,,,,,,12.0,7059456.0,72.0,3397386240.0
,,37.0,0.0,1.0,589824.0,1.0,786432.0,1.0,relu,1137836032.0,1.0,,256.0,0.014112512394785882,6824423424.0,1137836032.0,squeeze_bert,0.0,123.0,51094272.0,0.0,0.0,0.0,,,,,,,,,,,,,12.0,28274688.0,72.0,6794772480.0
,,37.0,0.0,1.0,1179648.0,1.0,393216.0,1.0,relu,1137836032.0,2.0,,64.0,0.014477084577083587,3402479616.0,1137836032.0,squeeze_bert,0.0,123.0,51094272.0,0.0,0.0,0.0,,,,,,,,,,,,,12.0,3520512.0,72.0,3397386240.0
,,37.0,0.0,1.0,1179648.0,1.0,786432.0,1.0,relu,1137836032.0,2.0,,128.0,0.017143020778894423,6810857472.0,1137836032.0,squeeze_bert,0.0,123.0,51094272.0,0.0,0.0,0.0,,,,,,,,,,,,,12.0,14118912.0,72.0,6794772480.0
,,37.0,0.0,1.0,1179648.0,1.0,1572864.0,1.0,relu,1137836032.0,2.0,,256.0,0.015176445245742798,13648846848.0,1137836032.0,squeeze_bert,0.0,123.0,51094272.0,0.0,0.0,0.0,,,,,,,,,,,,,12.0,56549376.0,72.0,13589544960.0
,,37.0,0.0,1.0,2359296.0,1.0,786432.0,1.0,relu,1137836032.0,4.0,,64.0,0.013209965452551842,6804959232.0,1137836032.0,squeeze_bert,0.0,123.0,51094272.0,0.0,0.0,0.0,,,,,,,,,,,,,12.0,7041024.0,72.0,6794772480.0
,,37.0,0.0,1.0,2359296.0,1.0,1572864.0,1.0,relu,1137836032.0,4.0,,128.0,0.013004070892930032,13621714944.0,1137836032.0,squeeze_bert,0.0,123.0,51094272.0,0.0,0.0,0.0,,,,,,,,,,,,,12.0,28237824.0,72.0,13589544960.0
,,37.0,0.0,1.0,2359296.0,1.0,3145728.0,1.0,relu,1137836032.0,4.0,,256.0,0.024060631170868874,27297693696.0,1137836032.0,squeeze_bert,0.0,123.0,51094272.0,0.0,0.0,0.0,,,,,,,,,,,,,12.0,113098752.0,72.0,27179089920.0
,,37.0,0.0,1.0,4718592.0,1.0,1572864.0,1.0,relu,1137836032.0,8.0,,64.0,0.0130389042198658,13609918464.0,1137836032.0,squeeze_bert,0.0,123.0,51094272.0,0.0,0.0,0.0,,,,,,,,,,,,,12.0,14082048.0,72.0,13589544960.0
,,37.0,0.0,1.0,4718592.0,1.0,3145728.0,1.0,relu,1137836032.0,8.0,,128.0,0.020801248401403426,27243429888.0,1137836032.0,squeeze_bert,0.0,123.0,51094272.0,0.0,0.0,0.0,,,,,,,,,,,,,12.0,56475648.0,72.0,27179089920.0
,,37.0,0.0,1.0,4718592.0,1.0,6291456.0,1.0,relu,1137836032.0,8.0,,256.0,0.043693486228585245,54595387392.0,1137836032.0,squeeze_bert,0.0,123.0,51094272.0,0.0,0.0,0.0,,,,,,,,,,,,,12.0,226197504.0,72.0,54358179840.0
