latency,avg_memory,max_memory,macs,<class 'torch.nn.modules.conv.Conv2d'>_macs,<class 'torch.nn.modules.dropout.Dropout'>_macs,<class 'torch.nn.modules.normalization.LayerNorm'>_macs,<class 'torch.nn.modules.linear.Linear'>_macs,total_params,trainable_params,model,batch_size,input_size,accelerator,requires_grad,use_torchscript,use_dquant,dropout,act_fn,<class 'torch.nn.modules.batchnorm.BatchNorm2d'>_macs,<class 'torch.nn.modules.pooling.AdaptiveAvgPool2d'>_macs,<class 'torch.nn.modules.activation.ReLU6'>_macs,<class 'torch.nn.modules.activation.ReLU'>_macs,<class 'torch.nn.modules.pooling.MaxPool2d'>_macs,<class 'torch.nn.modules.pooling.AvgPool2d'>_macs,<class 'torch.nn.modules.activation.Softmax'>_macs,<class 'torch.nn.modules.conv.Conv1d'>_macs
0.1004148572683334,4774.11484375,4774.1171875,4366946304.0,115605504.0,0.0,3840000.0,4247500800.0,88224232.0,0.0,vit32,1.0,224.0,0.0,0.0,0.0,0.0,,relu,,,,,,,,
0.1913308829069137,5129.5390625,5129.5390625,12667167744.0,339738624.0,0.0,11136000.0,12316293120.0,88297192.0,0.0,vit32,1.0,384.0,0.0,0.0,0.0,0.0,,relu,,,,,,,,
0.3162090476602316,5161.523003472223,5161.56640625,22452691968.0,603979776.0,0.0,19737600.0,21828974592.0,88383208.0,0.0,vit32,1.0,512.0,0.0,0.0,0.0,0.0,,relu,,,,,,,,
0.1447132289409637,5481.53125,5481.53125,8733892608.0,231211008.0,0.0,7680000.0,8495001600.0,88224232.0,0.0,vit32,2.0,224.0,0.0,0.0,0.0,0.0,,relu,,,,,,,,
0.332372559979558,5811.984375,5811.984375,25334335488.0,679477248.0,0.0,22272000.0,24632586240.0,88297192.0,0.0,vit32,2.0,384.0,0.0,0.0,0.0,0.0,,relu,,,,,,,,
0.5932676803320647,5821.05078125,5821.140625,44905383936.0,1207959552.0,0.0,39475200.0,43657949184.0,88383208.0,0.0,vit32,2.0,512.0,0.0,0.0,0.0,0.0,,relu,,,,,,,,
0.2366332564502954,5860.6875,5860.6875,17467785216.0,462422016.0,0.0,15360000.0,16990003200.0,88224232.0,0.0,vit32,4.0,224.0,0.0,0.0,0.0,0.0,,relu,,,,,,,,
0.6258019126951695,6158.390625,6158.390625,50668670976.0,1358954496.0,0.0,44544000.0,49265172480.0,88297192.0,0.0,vit32,4.0,384.0,0.0,0.0,0.0,0.0,,relu,,,,,,,,
1.138243556767702,6160.9140625,6160.9140625,89810767872.0,2415919104.0,0.0,78950400.0,87315898368.0,88383208.0,0.0,vit32,4.0,512.0,0.0,0.0,0.0,0.0,,relu,,,,,,,,
0.4434433236718177,6160.9375,6160.9375,34935570432.0,924844032.0,0.0,30720000.0,33980006400.0,88224232.0,0.0,vit32,8.0,224.0,0.0,0.0,0.0,0.0,,relu,,,,,,,,
1.2198395229876042,6188.70078125,6189.04296875,101337341952.0,2717908992.0,0.0,89088000.0,98530344960.0,88297192.0,0.0,vit32,8.0,384.0,0.0,0.0,0.0,0.0,,relu,,,,,,,,
2.2487184904515742,6192.001302083333,6193.46875,179621535744.0,4831838208.0,0.0,157900800.0,174631796736.0,88383208.0,0.0,vit32,8.0,512.0,0.0,0.0,0.0,0.0,,relu,,,,,,,,
0.2398095469921827,4648.991477272727,4649.1875,5439190496.0,5360927200.0,,,,54139356.0,0.0,efficientnet,1.0,224.0,False,False,False,False,,relu,78199296.0,64000.0,,,,,,
0.5384517792612314,4883.234375,4884.28125,15965491456.0,15735495680.0,,,,54139356.0,0.0,efficientnet,1.0,384.0,False,False,False,False,,relu,229810176.0,185600.0,,,,,,
0.5689297333359719,5074.71171875,5075.37890625,28375446272.0,27966565888.0,,,,54139356.0,0.0,efficientnet,1.0,512.0,False,False,False,False,,relu,408551424.0,328960.0,,,,,,
0.3829670462757349,5024.78125,5024.78125,10878380992.0,10721854400.0,,,,54139356.0,0.0,efficientnet,2.0,224.0,False,False,False,False,,relu,156398592.0,128000.0,,,,,,
0.9157604902982712,5065.79296875,5066.04296875,31930982912.0,31470991360.0,,,,54139356.0,0.0,efficientnet,2.0,384.0,False,False,False,False,,relu,459620352.0,371200.0,,,,,,
2.1462464794516563,5134.921875,5150.41796875,56750892544.0,55933131776.0,,,,54139356.0,0.0,efficientnet,2.0,512.0,False,False,False,False,,relu,817102848.0,657920.0,,,,,,
0.7583859756588935,5132.68203125,5133.14453125,21756761984.0,21443708800.0,,,,54139356.0,0.0,efficientnet,4.0,224.0,False,False,False,False,,relu,312797184.0,256000.0,,,,,,
2.079884757101536,5199.25,5231.52734375,63861965824.0,62941982720.0,,,,54139356.0,0.0,efficientnet,4.0,384.0,False,False,False,False,,relu,919240704.0,742400.0,,,,,,
4.304581647366286,5243.928125,5363.5078125,113501785088.0,111866263552.0,,,,54139356.0,0.0,efficientnet,4.0,512.0,False,False,False,False,,relu,1634205696.0,1315840.0,,,,,,
0.8567243728786706,5254.880859375,5254.91015625,43513523968.0,42887417600.0,,,,54139356.0,0.0,efficientnet,8.0,224.0,False,False,False,False,,relu,625594368.0,512000.0,,,,,,
4.45527868270874,5279.916015625,5354.5546875,127723931648.0,125883965440.0,,,,54139356.0,0.0,efficientnet,8.0,384.0,False,False,False,False,,relu,1838481408.0,1484800.0,,,,,,
8.742834525182843,5412.3732421875,5569.74609375,227003570176.0,223732527104.0,,,,54139356.0,0.0,efficientnet,8.0,512.0,False,False,False,False,,relu,3268411392.0,2631680.0,,,,,,
0.0200397595763206,4458.221354166667,4458.4765625,536192992.0,501187680.0,,,,5416680.0,0.0,efficientnet_lite,1.0,224.0,False,False,False,False,,relu,34941312.0,64000.0,0.0,,,,,
0.0528149399906396,4518.362926136364,4534.56640625,1575748352.0,1472878080.0,,,,5416680.0,0.0,efficientnet_lite,1.0,384.0,False,False,False,False,,relu,102684672.0,185600.0,0.0,,,,,
0.1172685857862234,4574.804408482143,4645.16015625,2801329408.0,2618449920.0,,,,5416680.0,0.0,efficientnet_lite,1.0,512.0,False,False,False,False,,relu,182550528.0,328960.0,0.0,,,,,
0.0411933027207851,4561.4375,4561.4375,1072385984.0,1002375360.0,,,,5416680.0,0.0,efficientnet_lite,2.0,224.0,False,False,False,False,,relu,69882624.0,128000.0,0.0,,,,,
0.1150507867336273,4591.137920673077,4663.078125,3151496704.0,2945756160.0,,,,5416680.0,0.0,efficientnet_lite,2.0,384.0,False,False,False,False,,relu,205369344.0,371200.0,0.0,,,,,
0.2391474224627018,4650.274739583333,4671.86328125,5602658816.0,5236899840.0,,,,5416680.0,0.0,efficientnet_lite,2.0,512.0,False,False,False,False,,relu,365101056.0,657920.0,0.0,,,,,
0.0764226831495761,4671.2421875,4671.2421875,2144771968.0,2004750720.0,,,,5416680.0,0.0,efficientnet_lite,4.0,224.0,False,False,False,False,,relu,139765248.0,256000.0,0.0,,,,,
0.2541332472115755,4718.46875,4719.00390625,6302993408.0,5891512320.0,,,,5416680.0,0.0,efficientnet_lite,4.0,384.0,False,False,False,False,,relu,410738688.0,742400.0,0.0,,,,,
0.661170170456171,4736.171316964285,4869.48828125,11205317632.0,10473799680.0,,,,5416680.0,0.0,efficientnet_lite,4.0,512.0,False,False,False,False,,relu,730202112.0,1315840.0,0.0,,,,,
0.1769874911755323,4730.844669117647,4766.3828125,4289543936.0,4009501440.0,,,,5416680.0,0.0,efficientnet_lite,8.0,224.0,False,False,False,False,,relu,279530496.0,512000.0,0.0,,,,,
0.7229174293577671,4760.784598214285,4896.4921875,12605986816.0,11783024640.0,,,,5416680.0,0.0,efficientnet_lite,8.0,384.0,False,False,False,False,,relu,821477376.0,1484800.0,0.0,,,,,
1.4333929743617773,4895.051171875,5204.4140625,22410635264.0,20947599360.0,,,,5416680.0,0.0,efficientnet_lite,8.0,512.0,False,False,False,False,,relu,1460404224.0,2631680.0,0.0,,,,,
0.0498988140374422,4526.507161458333,4530.6015625,3002076544.0,3001948544.0,,,,21142920.0,0.0,gernet,1.0,224.0,False,False,False,False,,relu,,128000.0,,0.0,,,,
0.1165577933192253,4578.559895833333,4578.7109375,8822424064.0,8822052864.0,,,,21142920.0,0.0,gernet,1.0,384.0,False,False,False,False,,relu,,371200.0,,0.0,,,,
0.2086281135678291,4679.86796875,4681.66015625,15684307456.0,15683649536.0,,,,21142920.0,0.0,gernet,1.0,512.0,False,False,False,False,,relu,,657920.0,,0.0,,,,
0.0911485146731138,4695.43359375,4695.43359375,6004153088.0,6003897088.0,,,,21142920.0,0.0,gernet,2.0,224.0,False,False,False,False,,relu,,256000.0,,0.0,,,,
0.2372170619666576,4794.0107421875,4799.8671875,17644848128.0,17644105728.0,,,,21142920.0,0.0,gernet,2.0,384.0,False,False,False,False,,relu,,742400.0,,0.0,,,,
0.4434263456612825,4989.589226973684,4998.8359375,31368614912.0,31367299072.0,,,,21142920.0,0.0,gernet,2.0,512.0,False,False,False,False,,relu,,1315840.0,,0.0,,,,
0.1765329409390688,4949.98828125,4949.98828125,12008306176.0,12007794176.0,,,,21142920.0,0.0,gernet,4.0,224.0,False,False,False,False,,relu,,512000.0,,0.0,,,,
0.4813024077564478,5009.940673828125,5076.41015625,35289696256.0,35288211456.0,,,,21142920.0,0.0,gernet,4.0,384.0,False,False,False,False,,relu,,1484800.0,,0.0,,,,
0.9355525586754084,5069.75,5102.45703125,62737229824.0,62734598144.0,,,,21142920.0,0.0,gernet,4.0,512.0,False,False,False,False,,relu,,2631680.0,,0.0,,,,
0.3382251631468534,5123.1796875,5123.1796875,24016612352.0,24015588352.0,,,,21142920.0,0.0,gernet,8.0,224.0,False,False,False,False,,relu,,1024000.0,,0.0,,,,
1.0509450320154428,5149.188151041667,5260.03515625,70579392512.0,70576422912.0,,,,21142920.0,0.0,gernet,8.0,384.0,False,False,False,False,,relu,,2969600.0,,0.0,,,,
2.047098822519183,5308.398995535715,5376.06640625,125474459648.0,125469196288.0,,,,21142920.0,0.0,gernet,8.0,512.0,False,False,False,False,,relu,,5263360.0,,0.0,,,,
0.0335430171340703,4471.99453125,4472.11328125,1824033792.0,1813561344.0,,,512000.0,11689512.0,0.0,resnet18,1.0,224.0,False,False,False,False,,relu,9934848.0,25600.0,,0.0,0.0,,,
0.08403912037611,4539.38359375,4541.2421875,5359432192.0,5329649664.0,,,512000.0,11689512.0,0.0,resnet18,1.0,384.0,False,False,False,False,,relu,29196288.0,74240.0,,0.0,0.0,,,
0.1472642701119184,4619.1953125,4619.1953125,9527480832.0,9474932736.0,,,512000.0,11689512.0,0.0,resnet18,1.0,512.0,False,False,False,False,,relu,51904512.0,131584.0,,0.0,0.0,,,
0.0587438225746154,4629.078125,4629.99609375,3648067584.0,3627122688.0,,,1024000.0,11689512.0,0.0,resnet18,2.0,224.0,False,False,False,False,,relu,19869696.0,51200.0,,0.0,0.0,,,
0.1592753648757934,4603.18359375,4603.18359375,10718864384.0,10659299328.0,,,1024000.0,11689512.0,0.0,resnet18,2.0,384.0,False,False,False,False,,relu,58392576.0,148480.0,,0.0,0.0,,,
0.2919314250349998,4656.762109375,4672.4453125,19054961664.0,18949865472.0,,,1024000.0,11689512.0,0.0,resnet18,2.0,512.0,False,False,False,False,,relu,103809024.0,263168.0,,0.0,0.0,,,
0.115322646126151,4659.1640625,4659.1640625,7296135168.0,7254245376.0,,,2048000.0,11689512.0,0.0,resnet18,4.0,224.0,False,False,False,False,,relu,39739392.0,102400.0,,0.0,0.0,,,
0.3423233330249786,4650.386067708333,4702.59375,21437728768.0,21318598656.0,,,2048000.0,11689512.0,0.0,resnet18,4.0,384.0,False,False,False,False,,relu,116785152.0,296960.0,,0.0,0.0,,,
0.6182587556540966,4728.785888671875,4798.8515625,38109923328.0,37899730944.0,,,2048000.0,11689512.0,0.0,resnet18,4.0,512.0,False,False,False,False,,relu,207618048.0,526336.0,,0.0,0.0,,,
0.2348175048828125,4692.8390625,4752.2734375,14592270336.0,14508490752.0,,,4096000.0,11689512.0,0.0,resnet18,8.0,224.0,False,False,False,False,,relu,79478784.0,204800.0,,0.0,0.0,,,
0.7235651973634958,4750.065755208333,4819.56640625,42875457536.0,42637197312.0,,,4096000.0,11689512.0,0.0,resnet18,8.0,384.0,False,False,False,False,,relu,233570304.0,593920.0,,0.0,0.0,,,
1.4051552902907134,4820.458984375,4934.27734375,76219846656.0,75799461888.0,,,4096000.0,11689512.0,0.0,resnet18,8.0,512.0,False,False,False,False,,relu,415236096.0,1052672.0,,0.0,0.0,,,
0.0267221972346305,4655.773995535715,4655.91015625,714206912.0,655566528.0,0.0,,58621952.0,61100840.0,0.0,alexnet,1.0,224.0,False,False,False,False,,relu,,18432.0,,0.0,0.0,,,
0.044504552334547,4661.679931640625,4661.9453125,2077996992.0,2019334848.0,0.0,,58621952.0,61100840.0,0.0,alexnet,1.0,384.0,False,False,False,False,,relu,,40192.0,,0.0,0.0,,,
0.0667330548167228,4903.1015625,4903.1015625,3707400128.0,3648711360.0,0.0,,58621952.0,61100840.0,0.0,alexnet,1.0,512.0,False,False,False,False,,relu,,66816.0,,0.0,0.0,,,
0.0373072627931833,4695.65234375,4695.65234375,1428413824.0,1311133056.0,0.0,,117243904.0,61100840.0,0.0,alexnet,2.0,224.0,False,False,False,False,,relu,,36864.0,,0.0,0.0,,,
0.0735215976834297,4910.38671875,4910.38671875,4155993984.0,4038669696.0,0.0,,117243904.0,61100840.0,0.0,alexnet,2.0,384.0,False,False,False,False,,relu,,80384.0,,0.0,0.0,,,
0.1172178085893392,4709.58984375,4709.58984375,7414800256.0,7297422720.0,0.0,,117243904.0,61100840.0,0.0,alexnet,2.0,512.0,False,False,False,False,,relu,,133632.0,,0.0,0.0,,,
0.0727058574557304,4917.90234375,4917.90234375,2856827648.0,2622266112.0,0.0,,234487808.0,61100840.0,0.0,alexnet,4.0,224.0,False,False,False,False,,relu,,73728.0,,0.0,0.0,,,
0.1461457274854183,4718.96484375,4718.96484375,8311987968.0,8077339392.0,0.0,,234487808.0,61100840.0,0.0,alexnet,4.0,384.0,False,False,False,False,,relu,,160768.0,,0.0,0.0,,,
0.2347348727285862,4965.64453125,4965.64453125,14829600512.0,14594845440.0,0.0,,234487808.0,61100840.0,0.0,alexnet,4.0,512.0,False,False,False,False,,relu,,267264.0,,0.0,0.0,,,
0.1268325574696064,4757.953125,4757.953125,5713655296.0,5244532224.0,0.0,,468975616.0,61100840.0,0.0,alexnet,8.0,224.0,False,False,False,False,,relu,,147456.0,,0.0,0.0,,,
0.2721421886235475,4976.594308035715,4985.58203125,16623975936.0,16154678784.0,0.0,,468975616.0,61100840.0,0.0,alexnet,8.0,384.0,False,False,False,False,,relu,,321536.0,,0.0,0.0,,,
0.4716296281665563,4773.597222222223,4805.6875,29659201024.0,29189690880.0,0.0,,468975616.0,61100840.0,0.0,alexnet,8.0,512.0,False,False,False,False,,relu,,534528.0,,0.0,0.0,,,
0.0255667101591825,4442.19609375,4442.5,819094576.0,818924576.0,0.0,,,1248424.0,0.0,squeezenet,1.0,224.0,False,False,False,False,,relu,,170000.0,,0.0,0.0,,,
0.0766009509563446,4495.421223958333,4496.98046875,2490033776.0,2489503776.0,0.0,,,1248424.0,0.0,squeezenet,1.0,384.0,False,False,False,False,,relu,,530000.0,,0.0,0.0,,,
0.1458867032080888,4528.9546875,4538.87890625,4478979568.0,4478017568.0,0.0,,,1248424.0,0.0,squeezenet,1.0,512.0,False,False,False,False,,relu,,962000.0,,0.0,0.0,,,
0.0536140874028205,4517.94921875,4517.94921875,1638189152.0,1637849152.0,0.0,,,1248424.0,0.0,squeezenet,2.0,224.0,False,False,False,False,,relu,,340000.0,,0.0,0.0,,,
0.1665993187576532,4547.10107421875,4570.23046875,4980067552.0,4979007552.0,0.0,,,1248424.0,0.0,squeezenet,2.0,384.0,False,False,False,False,,relu,,1060000.0,,0.0,0.0,,,
0.3183119714260101,4596.78046875,4644.53125,8957959136.0,8956035136.0,0.0,,,1248424.0,0.0,squeezenet,2.0,512.0,False,False,False,False,,relu,,1924000.0,,0.0,0.0,,,
0.1002333853393793,4585.98046875,4585.98046875,3276378304.0,3275698304.0,0.0,,,1248424.0,0.0,squeezenet,4.0,224.0,False,False,False,False,,relu,,680000.0,,0.0,0.0,,,
0.344414022937417,4613.329900568182,4656.34765625,9960135104.0,9958015104.0,0.0,,,1248424.0,0.0,squeezenet,4.0,384.0,False,False,False,False,,relu,,2120000.0,,0.0,0.0,,,
0.6588171478360891,4763.23095703125,4917.3671875,17915918272.0,17912070272.0,0.0,,,1248424.0,0.0,squeezenet,4.0,512.0,False,False,False,False,,relu,,3848000.0,,0.0,0.0,,,
0.212056228518486,4623.045138888889,4651.84375,6552756608.0,6551396608.0,0.0,,,1248424.0,0.0,squeezenet,8.0,224.0,False,False,False,False,,relu,,1360000.0,,0.0,0.0,,,
0.7519304767251015,4741.101345486111,4883.5546875,19920270208.0,19916030208.0,0.0,,,1248424.0,0.0,squeezenet,8.0,384.0,False,False,False,False,,relu,,4240000.0,,0.0,0.0,,,
1.435305704921484,4751.49140625,4858.69140625,35831836544.0,35824140544.0,0.0,,,1248424.0,0.0,squeezenet,8.0,512.0,False,False,False,False,,relu,,7696000.0,,0.0,0.0,,,
0.2412125125527381,5043.880580357143,5049.14453125,15470314496.0,15346630656.0,0.0,,123633664.0,138357544.0,0.0,vgg16,1.0,224.0,False,False,False,False,,relu,,50176.0,,0.0,0.0,,,
0.6308420412242413,5558.504616477273,5608.3984375,45224034816.0,45100302336.0,0.0,,123633664.0,138357544.0,0.0,vgg16,1.0,384.0,False,False,False,False,,relu,,98816.0,,0.0,0.0,,,
1.099494694545865,5651.100873161765,5807.47265625,80302105088.0,80178315264.0,0.0,,123633664.0,138357544.0,0.0,vgg16,1.0,512.0,False,False,False,False,,relu,,156160.0,,0.0,0.0,,,
0.4315794296562671,5609.2703125,5665.453125,30940628992.0,30693261312.0,0.0,,247267328.0,138357544.0,0.0,vgg16,2.0,224.0,False,False,False,False,,relu,,100352.0,,0.0,0.0,,,
1.3004675138741733,5621.93359375,5676.265625,90448069632.0,90200604672.0,0.0,,247267328.0,138357544.0,0.0,vgg16,2.0,384.0,False,False,False,False,,relu,,197632.0,,0.0,0.0,,,
2.27806421071291,5667.4140625,5711.359375,160604210176.0,160356630528.0,0.0,,247267328.0,138357544.0,0.0,vgg16,2.0,512.0,False,False,False,False,,relu,,312320.0,,0.0,0.0,,,
0.8480741836130619,5659.272786458333,5763.76953125,61881257984.0,61386522624.0,0.0,,494534656.0,138357544.0,0.0,vgg16,4.0,224.0,False,False,False,False,,relu,,200704.0,,0.0,0.0,,,
2.66965038664639,5240.76953125,5463.0625,180896139264.0,180401209344.0,0.0,,494534656.0,138357544.0,0.0,vgg16,4.0,384.0,False,False,False,False,,relu,,395264.0,,0.0,0.0,,,
4.696796414628625,5352.38232421875,5937.11328125,321208420352.0,320713261056.0,0.0,,494534656.0,138357544.0,0.0,vgg16,4.0,512.0,False,False,False,False,,relu,,624640.0,,0.0,0.0,,,
1.8582988936454057,5174.25390625,5268.3828125,123762515968.0,122773045248.0,0.0,,989069312.0,138357544.0,0.0,vgg16,8.0,224.0,False,False,False,False,,relu,,401408.0,,0.0,0.0,,,
5.467824377864599,5355.384114583333,5963.1484375,361792278528.0,360802418688.0,0.0,,989069312.0,138357544.0,0.0,vgg16,8.0,384.0,False,False,False,False,,relu,,790528.0,,0.0,0.0,,,
9.593869080394509,5572.034319196428,6573.4140625,642416840704.0,641426522112.0,0.0,,989069312.0,138357544.0,0.0,vgg16,8.0,512.0,False,False,False,False,,relu,,1249280.0,,0.0,0.0,,,
0.1410736683756113,4575.882211538462,4578.82421875,7845841056.0,7725699072.0,,,2208000.0,28681000.0,0.0,densenet,1.0,224.0,False,False,False,False,,relu,117656448.0,,,0.0,0.0,277536.0,,
0.3647909823805094,4718.6734375,4720.03125,23052884736.0,22704095232.0,,,2208000.0,28681000.0,0.0,densenet,1.0,384.0,False,False,False,False,,relu,345765888.0,,,0.0,0.0,815616.0,,
0.6592722833156586,4814.17578125,4819.36328125,40981188864.0,40362835968.0,,,2208000.0,28681000.0,0.0,densenet,1.0,512.0,False,False,False,False,,relu,614694912.0,,,0.0,0.0,1449984.0,,
0.26450205296278,4833.53359375,4839.09375,15691682112.0,15451398144.0,,,4416000.0,28681000.0,0.0,densenet,2.0,224.0,False,False,False,False,,relu,235312896.0,,,0.0,0.0,555072.0,,
0.7336337100714445,4917.654296875,4918.6953125,46105769472.0,45408190464.0,,,4416000.0,28681000.0,0.0,densenet,2.0,384.0,False,False,False,False,,relu,691531776.0,,,0.0,0.0,1631232.0,,
1.3490211706608537,4949.72119140625,4963.1640625,81962377728.0,80725671936.0,,,4416000.0,28681000.0,0.0,densenet,2.0,512.0,False,False,False,False,,relu,1229389824.0,,,0.0,0.0,2899968.0,,
0.5210075560957194,4966.576822916667,4967.5390625,31383364224.0,30902796288.0,,,8832000.0,28681000.0,0.0,densenet,4.0,224.0,False,False,False,False,,relu,470625792.0,,,0.0,0.0,1110144.0,,
1.7511150669306517,5016.83359375,5082.5546875,92211538944.0,90816380928.0,,,8832000.0,28681000.0,0.0,densenet,4.0,384.0,False,False,False,False,,relu,1383063552.0,,,0.0,0.0,3262464.0,,
3.107168048992753,5132.917447916667,5294.265625,163924755456.0,161451343872.0,,,8832000.0,28681000.0,0.0,densenet,4.0,512.0,False,False,False,False,,relu,2458779648.0,,,0.0,0.0,5799936.0,,
1.0739661119878292,5296.63134765625,5297.5859375,62766728448.0,61805592576.0,,,17664000.0,28681000.0,0.0,densenet,8.0,224.0,False,False,False,False,,relu,941251584.0,,,0.0,0.0,2220288.0,,
3.731150670722127,5357.965254934211,5446.57421875,184423077888.0,181632761856.0,,,17664000.0,28681000.0,0.0,densenet,8.0,384.0,False,False,False,False,,relu,2766127104.0,,,0.0,0.0,6524928.0,,
7.419122228398919,5460.378780241936,5655.94140625,327849510912.0,322902687744.0,,,17664000.0,28681000.0,0.0,densenet,8.0,512.0,False,False,False,False,,relu,4917559296.0,,,0.0,0.0,11599872.0,,
0.0671425983309745,4536.303571428572,4536.4765625,2856567712.0,2835873120.0,0.0,,2048000.0,27161264.0,0.0,inception,1.0,224.0,False,False,False,False,,relu,18593344.0,53248.0,,,0.0,,,
0.1876654684543609,4645.735440340909,4649.75390625,9505607072.0,9443934560.0,0.0,,2048000.0,27161264.0,0.0,inception,1.0,384.0,False,False,False,False,,relu,59417664.0,206848.0,,,0.0,,,
0.341433522477746,4668.64794921875,4700.78125,17630999968.0,17519808864.0,0.0,,2048000.0,27161264.0,0.0,inception,1.0,512.0,False,False,False,False,,relu,108739648.0,403456.0,,,0.0,,,
0.1204895354807376,4713.45703125,4713.45703125,5713135424.0,5671746240.0,0.0,,4096000.0,27161264.0,0.0,inception,2.0,224.0,False,False,False,False,,relu,37186688.0,106496.0,,,0.0,,,
0.3585019446909427,4701.46484375,4701.46484375,19011214144.0,18887869120.0,0.0,,4096000.0,27161264.0,0.0,inception,2.0,384.0,False,False,False,False,,relu,118835328.0,413696.0,,,0.0,,,
0.6462261490523815,4760.850260416667,4762.26953125,35261999936.0,35039617728.0,0.0,,4096000.0,27161264.0,0.0,inception,2.0,512.0,False,False,False,False,,relu,217479296.0,806912.0,,,0.0,,,
0.2199640925973653,4801.94140625,4801.94140625,11426270848.0,11343492480.0,0.0,,8192000.0,27161264.0,0.0,inception,4.0,224.0,False,False,False,False,,relu,74373376.0,212992.0,,,0.0,,,
0.7274237163364887,4820.3390625,4833.22265625,38022428288.0,37775738240.0,0.0,,8192000.0,27161264.0,0.0,inception,4.0,384.0,False,False,False,False,,relu,237670656.0,827392.0,,,0.0,,,
1.3912914618849754,4875.4140625,4896.28515625,70523999872.0,70079235456.0,0.0,,8192000.0,27161264.0,0.0,inception,4.0,512.0,False,False,False,False,,relu,434958592.0,1613824.0,,,0.0,,,
0.4306199956685305,4872.1171875,4872.1171875,22852541696.0,22686984960.0,0.0,,16384000.0,27161264.0,0.0,inception,8.0,224.0,False,False,False,False,,relu,148746752.0,425984.0,,,0.0,,,
1.5056851122528314,4883.776692708333,4941.80859375,76044856576.0,75551476480.0,0.0,,16384000.0,27161264.0,0.0,inception,8.0,384.0,False,False,False,False,,relu,475341312.0,1654784.0,,,0.0,,,
2.9200833946466447,4922.129774305556,5041.0234375,141047999744.0,140158470912.0,0.0,,16384000.0,27161264.0,0.0,inception,8.0,512.0,False,False,False,False,,relu,869917184.0,3227648.0,,,0.0,,,
0.0522698268294334,4487.50625,4488.03515625,1511332032.0,1497352192.0,0.0,,1024000.0,13004888.0,0.0,googlenet,1.0,224.0,False,False,False,False,,relu,12904640.0,51200.0,,,0.0,,,
0.1390100196003914,4579.890625,4580.33203125,4439478272.0,4400381952.0,0.0,,1024000.0,13004888.0,0.0,googlenet,1.0,384.0,False,False,False,False,,relu,37923840.0,148480.0,,,0.0,,,
0.2582958288490772,4634.0549879807695,4647.27734375,7891608576.0,7822901248.0,0.0,,1024000.0,13004888.0,0.0,googlenet,1.0,512.0,False,False,False,False,,relu,67420160.0,263168.0,,,0.0,,,
0.1009542074054479,4664.76171875,4664.76171875,3022664064.0,2994704384.0,0.0,,2048000.0,13004888.0,0.0,googlenet,2.0,224.0,False,False,False,False,,relu,25809280.0,102400.0,,,0.0,,,
0.2852405525743961,4645.663736979167,4690.640625,8878956544.0,8800763904.0,0.0,,2048000.0,13004888.0,0.0,googlenet,2.0,384.0,False,False,False,False,,relu,75847680.0,296960.0,,,0.0,,,
0.5346598863601685,4692.986886160715,4724.9453125,15783217152.0,15645802496.0,0.0,,2048000.0,13004888.0,0.0,googlenet,2.0,512.0,False,False,False,False,,relu,134840320.0,526336.0,,,0.0,,,
0.188526913896203,4694.44140625,4694.44140625,6045328128.0,5989408768.0,0.0,,4096000.0,13004888.0,0.0,googlenet,4.0,224.0,False,False,False,False,,relu,51618560.0,204800.0,,,0.0,,,
0.5858879067003727,4679.90625,4681.125,17757913088.0,17601527808.0,0.0,,4096000.0,13004888.0,0.0,googlenet,4.0,384.0,False,False,False,False,,relu,151695360.0,593920.0,,,0.0,,,
1.1382857263088226,4755.388020833333,4805.2265625,31566434304.0,31291604992.0,0.0,,4096000.0,13004888.0,0.0,googlenet,4.0,512.0,False,False,False,False,,relu,269680640.0,1052672.0,,,0.0,,,
0.3691072672605514,4789.6484375,4789.6484375,12090656256.0,11978817536.0,0.0,,8192000.0,13004888.0,0.0,googlenet,8.0,224.0,False,False,False,False,,relu,103237120.0,409600.0,,,0.0,,,
1.191993909329176,4803.836588541667,4841.26171875,35515826176.0,35203055616.0,0.0,,8192000.0,13004888.0,0.0,googlenet,8.0,384.0,False,False,False,False,,relu,303390720.0,1187840.0,,,0.0,,,
2.371130171045661,4840.12451171875,4983.9609375,63132868608.0,62583209984.0,0.0,,8192000.0,13004888.0,0.0,googlenet,8.0,512.0,False,False,False,False,,relu,539361280.0,2105344.0,,,0.0,,,
0.0108408972620964,4430.565625,4430.70703125,152708792.0,143883992.0,,,1024000.0,2278604.0,0.0,shufflenet,1.0,224.0,False,False,False,False,,relu,7800800.0,,,0.0,0.0,,,
0.0259860057383775,4451.2390625,4452.546875,446791552.0,422842752.0,,,1024000.0,2278604.0,0.0,shufflenet,1.0,384.0,False,False,False,False,,relu,22924800.0,,,0.0,0.0,,,
0.0464929100126028,4478.112630208333,4478.73046875,793499648.0,751720448.0,,,1024000.0,2278604.0,0.0,shufflenet,1.0,512.0,False,False,False,False,,relu,40755200.0,,,0.0,0.0,,,
0.0201697997748851,4482.40625,4482.40625,305417584.0,287767984.0,,,2048000.0,2278604.0,0.0,shufflenet,2.0,224.0,False,False,False,False,,relu,15601600.0,,,0.0,0.0,,,
0.0443159688264131,4491.659040178572,4494.234375,893583104.0,845685504.0,,,2048000.0,2278604.0,0.0,shufflenet,2.0,384.0,False,False,False,False,,relu,45849600.0,,,0.0,0.0,,,
0.088561276346445,4533.6671875,4536.8671875,1586999296.0,1503440896.0,,,2048000.0,2278604.0,0.0,shufflenet,2.0,512.0,False,False,False,False,,relu,81510400.0,,,0.0,0.0,,,
0.036334278434515,4537.109375,4537.109375,610835168.0,575535968.0,,,4096000.0,2278604.0,0.0,shufflenet,4.0,224.0,False,False,False,False,,relu,31203200.0,,,0.0,0.0,,,
0.0888383027166128,4557.690625,4558.1328125,1787166208.0,1691371008.0,,,4096000.0,2278604.0,0.0,shufflenet,4.0,384.0,False,False,False,False,,relu,91699200.0,,,0.0,0.0,,,
0.183463567495346,4604.349158653846,4625.51953125,3173998592.0,3006881792.0,,,4096000.0,2278604.0,0.0,shufflenet,4.0,512.0,False,False,False,False,,relu,163020800.0,,,0.0,0.0,,,
0.0634454477578401,4600.23046875,4600.23046875,1221670336.0,1151071936.0,,,8192000.0,2278604.0,0.0,shufflenet,8.0,224.0,False,False,False,False,,relu,62406400.0,,,0.0,0.0,,,
0.1837289314717054,4626.76953125,4656.62890625,3574332416.0,3382742016.0,,,8192000.0,2278604.0,0.0,shufflenet,8.0,384.0,False,False,False,False,,relu,183398400.0,,,0.0,0.0,,,
0.4187247019261121,4635.6328125,4646.67578125,6347997184.0,6013763584.0,,,8192000.0,2278604.0,0.0,shufflenet,8.0,512.0,False,False,False,False,,relu,326041600.0,,,0.0,0.0,,,
0.0157055918127298,4459.666015625,4459.94921875,327486720.0,299494272.0,0.0,,1280000.0,3504872.0,0.0,mobilenet_v2,1.0,224.0,False,False,False,False,,relu,26712448.0,,,0.0,,,,
0.0524098958820104,4546.875,4546.875,959928320.0,880146432.0,0.0,,1280000.0,3504872.0,0.0,mobilenet_v2,1.0,384.0,False,False,False,False,,relu,78501888.0,,,0.0,,,,
0.0815812576562166,4558.0,4558.0,1705543680.0,1564704768.0,0.0,,1280000.0,3504872.0,0.0,mobilenet_v2,1.0,512.0,False,False,False,False,,relu,139558912.0,,,0.0,,,,
0.0311322417110204,4534.94921875,4534.94921875,654973440.0,598988544.0,0.0,,2560000.0,3504872.0,0.0,mobilenet_v2,2.0,224.0,False,False,False,False,,relu,53424896.0,,,0.0,,,,
0.1055827856063842,4575.587713068182,4596.9375,1919856640.0,1760292864.0,0.0,,2560000.0,3504872.0,0.0,mobilenet_v2,2.0,384.0,False,False,False,False,,relu,157003776.0,,,0.0,,,,
0.1877104770392179,4644.814453125,4645.3515625,3411087360.0,3129409536.0,0.0,,2560000.0,3504872.0,0.0,mobilenet_v2,2.0,512.0,False,False,False,False,,relu,279117824.0,,,0.0,,,,
0.0619736194610595,4646.67578125,4646.67578125,1309946880.0,1197977088.0,0.0,,5120000.0,3504872.0,0.0,mobilenet_v2,4.0,224.0,False,False,False,False,,relu,106849792.0,,,0.0,,,,
0.2324985243380069,4695.262867647059,4755.23828125,3839713280.0,3520585728.0,0.0,,5120000.0,3504872.0,0.0,mobilenet_v2,4.0,384.0,False,False,False,False,,relu,314007552.0,,,0.0,,,,
0.4927335456013679,4729.10078125,4871.421875,6822174720.0,6258819072.0,0.0,,5120000.0,3504872.0,0.0,mobilenet_v2,4.0,512.0,False,False,False,False,,relu,558235648.0,,,0.0,,,,
0.1504858929663896,4678.220853365385,4725.01953125,2619893760.0,2395954176.0,0.0,,10240000.0,3504872.0,0.0,mobilenet_v2,8.0,224.0,False,False,False,False,,relu,213699584.0,,,0.0,,,,
0.5397422481328249,4773.257161458333,4891.078125,7679426560.0,7041171456.0,0.0,,10240000.0,3504872.0,0.0,mobilenet_v2,8.0,384.0,False,False,False,False,,relu,628015104.0,,,0.0,,,,
1.2687841020524502,4807.51953125,5075.67578125,13644349440.0,12517638144.0,0.0,,10240000.0,3504872.0,0.0,mobilenet_v2,8.0,512.0,False,False,False,False,,relu,1116471296.0,,,0.0,,,,
0.0769051268696785,4538.006138392857,4539.90625,4288184320.0,4228431872.0,,,2048000.0,25028904.0,0.0,resnext50_32x4d,1.0,224.0,False,False,False,False,,relu,57602048.0,102400.0,,0.0,0.0,,,
0.1979201015084982,4634.395951704545,4650.55859375,12598036480.0,12426412032.0,,,2048000.0,25028904.0,0.0,resnext50_32x4d,1.0,384.0,False,False,False,False,,relu,169279488.0,296960.0,,0.0,0.0,,,
0.3726358812302351,4814.667763157895,4843.3515625,22394914816.0,22091399168.0,,,2048000.0,25028904.0,0.0,resnext50_32x4d,1.0,512.0,False,False,False,False,,relu,300941312.0,526336.0,,0.0,0.0,,,
0.1492361888289451,4843.57421875,4843.57421875,8576368640.0,8456863744.0,,,4096000.0,25028904.0,0.0,resnext50_32x4d,2.0,224.0,False,False,False,False,,relu,115204096.0,204800.0,,0.0,0.0,,,
0.4098751906305551,4844.580078125,4845.06640625,25196072960.0,24852824064.0,,,4096000.0,25028904.0,0.0,resnext50_32x4d,2.0,384.0,False,False,False,False,,relu,338558976.0,593920.0,,0.0,0.0,,,
0.83028101362288,4873.1875,4896.05859375,44789829632.0,44182798336.0,,,4096000.0,25028904.0,0.0,resnext50_32x4d,2.0,512.0,False,False,False,False,,relu,601882624.0,1052672.0,,0.0,0.0,,,
0.2936419490724802,4919.97265625,4919.97265625,17152737280.0,16913727488.0,,,8192000.0,25028904.0,0.0,resnext50_32x4d,4.0,224.0,False,False,False,False,,relu,230408192.0,409600.0,,0.0,0.0,,,
0.9599874019622804,4948.490885416667,5019.2109375,50392145920.0,49705648128.0,,,8192000.0,25028904.0,0.0,resnext50_32x4d,4.0,384.0,False,False,False,False,,relu,677117952.0,1187840.0,,0.0,0.0,,,
1.9299896217882635,5012.73046875,5104.8828125,89579659264.0,88365596672.0,,,8192000.0,25028904.0,0.0,resnext50_32x4d,4.0,512.0,False,False,False,False,,relu,1203765248.0,2105344.0,,0.0,0.0,,,
0.6150703113526106,5046.3609375,5073.90234375,34305474560.0,33827454976.0,,,16384000.0,25028904.0,0.0,resnext50_32x4d,8.0,224.0,False,False,False,False,,relu,460816384.0,819200.0,,0.0,0.0,,,
2.238863103836775,5193.091264204545,5298.82421875,100784291840.0,99411296256.0,,,16384000.0,25028904.0,0.0,resnext50_32x4d,8.0,384.0,False,False,False,False,,relu,1354235904.0,2375680.0,,0.0,0.0,,,
4.661366335302591,5344.2275390625,5517.5703125,179159318528.0,176731193344.0,,,16384000.0,25028904.0,0.0,resnext50_32x4d,8.0,512.0,False,False,False,False,,relu,2407530496.0,4210688.0,,0.0,0.0,,,
0.2022560331970453,4720.981336805556,4722.8046875,11455725568.0,11395973120.0,,,2048000.0,68883240.0,0.0,wide_resnet50_2,1.0,224.0,False,False,False,False,,relu,57602048.0,102400.0,,0.0,0.0,,,
0.461222469061613,4829.113802083333,4835.9765625,33661831168.0,33490206720.0,,,2048000.0,68883240.0,0.0,wide_resnet50_2,1.0,384.0,False,False,False,False,,relu,169279488.0,296960.0,,0.0,0.0,,,
0.7675218969583512,5121.42109375,5121.671875,59841660928.0,59538145280.0,,,2048000.0,68883240.0,0.0,wide_resnet50_2,1.0,512.0,False,False,False,False,,relu,300941312.0,526336.0,,0.0,0.0,,,
0.3445148862898349,5325.931966145833,5354.6484375,22911451136.0,22791946240.0,,,4096000.0,68883240.0,0.0,wide_resnet50_2,2.0,224.0,False,False,False,False,,relu,115204096.0,204800.0,,0.0,0.0,,,
0.8536811381578445,5005.215494791667,5006.46484375,67323662336.0,66980413440.0,,,4096000.0,68883240.0,0.0,wide_resnet50_2,2.0,384.0,False,False,False,False,,relu,338558976.0,593920.0,,0.0,0.0,,,
1.581006211787462,5205.2578125,5206.90625,119683321856.0,119076290560.0,,,4096000.0,68883240.0,0.0,wide_resnet50_2,2.0,512.0,False,False,False,False,,relu,601882624.0,1052672.0,,0.0,0.0,,,
0.6425577953457833,5390.15625,5390.546875,45822902272.0,45583892480.0,,,8192000.0,68883240.0,0.0,wide_resnet50_2,4.0,224.0,False,False,False,False,,relu,230408192.0,409600.0,,0.0,0.0,,,
1.7121735613793134,5219.46484375,5269.61328125,134647324672.0,133960826880.0,,,8192000.0,68883240.0,0.0,wide_resnet50_2,4.0,384.0,False,False,False,False,,relu,677117952.0,1187840.0,,0.0,0.0,,,
3.468969915062189,5397.598046875,5465.30078125,239366643712.0,238152581120.0,,,8192000.0,68883240.0,0.0,wide_resnet50_2,4.0,512.0,False,False,False,False,,relu,1203765248.0,2105344.0,,0.0,0.0,,,
1.2636518448591232,5493.86953125,5576.484375,91645804544.0,91167784960.0,,,16384000.0,68883240.0,0.0,wide_resnet50_2,8.0,224.0,False,False,False,False,,relu,460816384.0,819200.0,,0.0,0.0,,,
3.8336616408079855,5856.0361328125,5954.34765625,269294649344.0,267921653760.0,,,16384000.0,68883240.0,0.0,wide_resnet50_2,8.0,384.0,False,False,False,False,,relu,1354235904.0,2375680.0,,0.0,0.0,,,
6.942938889563084,5832.019120065789,6057.609375,478733287424.0,476305162240.0,,,16384000.0,68883240.0,0.0,wide_resnet50_2,8.0,512.0,False,False,False,False,,relu,2407530496.0,4210688.0,,0.0,0.0,,,
0.0140298850834369,4447.890625,4449.8359375,336242432.0,313135872.0,0.0,,1280000.0,4383312.0,0.0,mnasnet,1.0,224.0,False,False,False,False,,relu,21826560.0,,,0.0,,,,
0.0372363533824682,4500.53515625,4503.53515625,985659392.0,920236032.0,0.0,,1280000.0,4383312.0,0.0,mnasnet,1.0,384.0,False,False,False,False,,relu,64143360.0,,,0.0,,,,
0.0701887488365173,4560.25390625,4560.25390625,1751287808.0,1635975168.0,0.0,,1280000.0,4383312.0,0.0,mnasnet,1.0,512.0,False,False,False,False,,relu,114032640.0,,,0.0,,,,
0.0268171221017837,4561.609375,4561.609375,672484864.0,626271744.0,0.0,,2560000.0,4383312.0,0.0,mnasnet,2.0,224.0,False,False,False,False,,relu,43653120.0,,,0.0,,,,
0.073542359098792,4587.94140625,4587.94140625,1971318784.0,1840472064.0,0.0,,2560000.0,4383312.0,0.0,mnasnet,2.0,384.0,False,False,False,False,,relu,128286720.0,,,0.0,,,,
0.1598742898553609,4644.03203125,4665.51953125,3502575616.0,3271950336.0,0.0,,2560000.0,4383312.0,0.0,mnasnet,2.0,512.0,False,False,False,False,,relu,228065280.0,,,0.0,,,,
0.0509212084114551,4690.43359375,4690.43359375,1344969728.0,1252543488.0,0.0,,5120000.0,4383312.0,0.0,mnasnet,4.0,224.0,False,False,False,False,,relu,87306240.0,,,0.0,,,,
0.1505286525934934,4680.314108455882,4714.8359375,3942637568.0,3680944128.0,0.0,,5120000.0,4383312.0,0.0,mnasnet,4.0,384.0,False,False,False,False,,relu,256573440.0,,,0.0,,,,
0.3392273262143135,4755.9046875,4756.28125,7005151232.0,6543900672.0,0.0,,5120000.0,4383312.0,0.0,mnasnet,4.0,512.0,False,False,False,False,,relu,456130560.0,,,0.0,,,,
0.100135513395071,4756.90625,4756.90625,2689939456.0,2505086976.0,0.0,,10240000.0,4383312.0,0.0,mnasnet,8.0,224.0,False,False,False,False,,relu,174612480.0,,,0.0,,,,
0.4384067099541425,4763.221875,4813.43359375,7885275136.0,7361888256.0,0.0,,10240000.0,4383312.0,0.0,mnasnet,8.0,384.0,False,False,False,False,,relu,513146880.0,,,0.0,,,,
1.029427308216691,4835.841517857143,4899.296875,14010302464.0,13087801344.0,0.0,,10240000.0,4383312.0,0.0,mnasnet,8.0,512.0,False,False,False,False,,relu,912261120.0,,,0.0,,,,
0.1084156606346368,5260.419921875,5260.42578125,5441323008.0,,0.0,4915200.0,5436407808.0,109482240.0,0.0,bert,1.0,64.0,False,False,False,False,,relu,,,,,,,,
0.1673452891409397,5796.8203125,5797.140625,10882056192.0,,0.0,9830400.0,10872225792.0,109482240.0,0.0,bert,1.0,128.0,False,False,False,False,,relu,,,,,,,,
0.3058799546211957,6450.3515625,6450.3515625,21763522560.0,,0.0,19660800.0,21743861760.0,109482240.0,0.0,bert,1.0,256.0,False,False,False,False,,relu,,,,,,,,
0.1655378725379705,6971.203125,6971.203125,10882646016.0,,0.0,9830400.0,10872815616.0,109482240.0,0.0,bert,2.0,64.0,False,False,False,False,,relu,,,,,,,,
0.2880308531224728,6971.96484375,6971.96484375,21764112384.0,,0.0,19660800.0,21744451584.0,109482240.0,0.0,bert,2.0,128.0,False,False,False,False,,relu,,,,,,,,
0.5782497245818377,6985.313100961538,6985.453125,43527045120.0,,0.0,39321600.0,43487723520.0,109482240.0,0.0,bert,2.0,256.0,False,False,False,False,,relu,,,,,,,,
0.2805598616600037,7003.734375,7003.734375,21765292032.0,,0.0,19660800.0,21745631232.0,109482240.0,0.0,bert,4.0,64.0,False,False,False,False,,relu,,,,,,,,
0.539441692084074,7435.76171875,7435.76171875,43528224768.0,,0.0,39321600.0,43488903168.0,109482240.0,0.0,bert,4.0,128.0,False,False,False,False,,relu,,,,,,,,
1.1085125219076872,7436.953125,7436.953125,87054090240.0,,0.0,78643200.0,86975447040.0,109482240.0,0.0,bert,4.0,256.0,False,False,False,False,,relu,,,,,,,,
0.5256757162511349,7434.94921875,7434.94921875,43530584064.0,,0.0,39321600.0,43491262464.0,109482240.0,0.0,bert,8.0,64.0,False,False,False,False,,relu,,,,,,,,
1.0272516075521707,7439.73828125,7439.73828125,87056449536.0,,0.0,78643200.0,86977806336.0,109482240.0,0.0,bert,8.0,128.0,False,False,False,False,,relu,,,,,,,,
2.1823738284409044,7882.869791666667,7885.171875,174108180480.0,,0.0,157286400.0,173950894080.0,109482240.0,0.0,bert,8.0,256.0,False,False,False,False,,relu,,,,,,,,
0.0547625456005334,4931.97265625,4931.97265625,2720464896.0,,0.0,2555904.0,2717908992.0,66362880.0,0.0,distilbert,1.0,64.0,False,False,False,False,,relu,,,,,,,,
0.0856286451220512,5254.11328125,5254.30859375,5440929792.0,,0.0,5111808.0,5435817984.0,66362880.0,0.0,distilbert,1.0,128.0,False,False,False,False,,relu,,,,,,,,
0.150647759437561,5426.971540178572,5426.98046875,10881859584.0,,0.0,10223616.0,10871635968.0,66362880.0,0.0,distilbert,1.0,256.0,False,False,False,False,,relu,,,,,,,,
0.085617346316576,5523.9921875,5523.9921875,5440929792.0,,0.0,5111808.0,5435817984.0,66362880.0,0.0,distilbert,2.0,64.0,False,False,False,False,,relu,,,,,,,,
0.1464733123779296,5524.26171875,5524.26171875,10881859584.0,,0.0,10223616.0,10871635968.0,66362880.0,0.0,distilbert,2.0,128.0,False,False,False,False,,relu,,,,,,,,
0.2843624159693718,5534.8583984375,5535.265625,21763719168.0,,0.0,20447232.0,21743271936.0,66362880.0,0.0,distilbert,2.0,256.0,False,False,False,False,,relu,,,,,,,,
0.1412967674434185,5803.00390625,5803.00390625,10881859584.0,,0.0,10223616.0,10871635968.0,66362880.0,0.0,distilbert,4.0,64.0,False,False,False,False,,relu,,,,,,,,
0.2698242977261543,5803.0703125,5803.0703125,21763719168.0,,0.0,20447232.0,21743271936.0,66362880.0,0.0,distilbert,4.0,128.0,False,False,False,False,,relu,,,,,,,,
0.5467225786298513,5813.40625,5813.40625,43527438336.0,,0.0,40894464.0,43486543872.0,66362880.0,0.0,distilbert,4.0,256.0,False,False,False,False,,relu,,,,,,,,
0.2639870293438434,5812.87890625,5812.87890625,21763719168.0,,0.0,20447232.0,21743271936.0,66362880.0,0.0,distilbert,8.0,64.0,False,False,False,False,,relu,,,,,,,,
0.5110905271023511,5725.953125,5725.953125,43527438336.0,,0.0,40894464.0,43486543872.0,66362880.0,0.0,distilbert,8.0,128.0,False,False,False,False,,relu,,,,,,,,
1.081817850843072,6080.77734375,6080.77734375,87054876672.0,,0.0,81788928.0,86973087744.0,66362880.0,0.0,distilbert,8.0,256.0,False,False,False,False,,relu,,,,,,,,
0.1263409156352281,5435.48974609375,5435.8203125,4137222144.0,,0.0,3735552.0,4133486592.0,130973184.0,0.0,funnel_transformer,1.0,64.0,False,False,False,False,,relu,,,,,,,,
0.1912982087582349,6094.60546875,6094.60546875,8274444288.0,,0.0,7471104.0,8266973184.0,130973184.0,0.0,funnel_transformer,1.0,128.0,False,False,False,False,,relu,,,,,,,,
0.3369259875267744,6367.14453125,6367.14453125,16548888576.0,,0.0,14942208.0,16533946368.0,130973184.0,0.0,funnel_transformer,1.0,256.0,False,False,False,False,,relu,,,,,,,,
0.1770236697047948,6473.15546875,6473.15625,8274444288.0,,0.0,7471104.0,8266973184.0,130973184.0,0.0,funnel_transformer,2.0,64.0,False,False,False,False,,relu,,,,,,,,
0.2991552103310823,6969.843449519231,6969.84765625,16548888576.0,,0.0,14942208.0,16533946368.0,130973184.0,0.0,funnel_transformer,2.0,128.0,False,False,False,False,,relu,,,,,,,,
0.5927184376865625,7476.22265625,7476.22265625,33097777152.0,,0.0,29884416.0,33067892736.0,130973184.0,0.0,funnel_transformer,2.0,256.0,False,False,False,False,,relu,,,,,,,,
0.2811697170138359,7979.9765625,7979.9765625,16548888576.0,,0.0,14942208.0,16533946368.0,130973184.0,0.0,funnel_transformer,4.0,64.0,False,False,False,False,,relu,,,,,,,,
0.5224201425909996,8483.37890625,8483.37890625,33097777152.0,,0.0,29884416.0,33067892736.0,130973184.0,0.0,funnel_transformer,4.0,128.0,False,False,False,False,,relu,,,,,,,,
1.0973747689276934,8986.09296875,8988.44921875,66195554304.0,,0.0,59768832.0,66135785472.0,130973184.0,0.0,funnel_transformer,4.0,256.0,False,False,False,False,,relu,,,,,,,,
0.4954219050705433,8991.01171875,8991.01171875,33097777152.0,,0.0,29884416.0,33067892736.0,130973184.0,0.0,funnel_transformer,8.0,64.0,False,False,False,False,,relu,,,,,,,,
0.980147298052907,9426.446875,9438.55078125,66195554304.0,,0.0,59768832.0,66135785472.0,130973184.0,0.0,funnel_transformer,8.0,128.0,False,False,False,False,,relu,,,,,,,,
2.1376302249729635,7782.268973214285,7784.09375,132391108608.0,,0.0,119537664.0,132271570944.0,130973184.0,0.0,funnel_transformer,8.0,256.0,False,False,False,False,,relu,,,,,,,,
0.9040768101811408,5707.2325246710525,5714.34375,43526455296.0,,0.0,39321600.0,43487133696.0,148659456.0,0.0,longformer,1.0,64.0,False,False,False,False,,relu,,,,,,,,
0.8308243475854397,6008.3359375,6008.3359375,43526455296.0,,0.0,39321600.0,43487133696.0,148659456.0,0.0,longformer,1.0,128.0,False,False,False,False,,relu,,,,,,,,
0.8440947167575359,6739.515625,6739.515625,43526455296.0,,0.0,39321600.0,43487133696.0,148659456.0,0.0,longformer,1.0,256.0,False,False,False,False,,relu,,,,,,,,
1.688396856933832,7313.161458333333,7315.26953125,87052910592.0,,0.0,78643200.0,86974267392.0,148659456.0,0.0,longformer,2.0,64.0,False,False,False,False,,relu,,,,,,,,
1.6769154395908117,7317.796875,7317.796875,87052910592.0,,0.0,78643200.0,86974267392.0,148659456.0,0.0,longformer,2.0,128.0,False,False,False,False,,relu,,,,,,,,
1.7217927038669587,7342.240885416667,7347.15234375,87052910592.0,,0.0,78643200.0,86974267392.0,148659456.0,0.0,longformer,2.0,256.0,False,False,False,False,,relu,,,,,,,,
3.369738207757473,8308.455729166666,8310.03515625,174105821184.0,,0.0,157286400.0,173948534784.0,148659456.0,0.0,longformer,4.0,64.0,False,False,False,False,,relu,,,,,,,,
3.3812656853348018,8750.28515625,8750.28515625,174105821184.0,,0.0,157286400.0,173948534784.0,148659456.0,0.0,longformer,4.0,128.0,False,False,False,False,,relu,,,,,,,,
3.3535145364701746,8901.46484375,8901.46484375,174105821184.0,,0.0,157286400.0,173948534784.0,148659456.0,0.0,longformer,4.0,256.0,False,False,False,False,,relu,,,,,,,,
8.632901198789478,9038.567845394737,9263.82421875,348211642368.0,,0.0,314572800.0,347897069568.0,148659456.0,0.0,longformer,8.0,64.0,False,False,False,False,,relu,,,,,,,,
6.707787873223424,7594.5556640625,7594.84375,348211642368.0,,0.0,314572800.0,347897069568.0,148659456.0,0.0,longformer,8.0,128.0,False,False,False,False,,relu,,,,,,,,
6.962458435818553,7015.690185546875,7200.0234375,348211642368.0,,0.0,314572800.0,347897069568.0,148659456.0,0.0,longformer,8.0,256.0,False,False,False,False,,relu,,,,,,,,
0.04144918769598,4656.319196428572,4656.796875,1296039936.0,,0.0,,1296039936.0,24581888.0,0.0,mobile_bert,1.0,64.0,False,False,False,False,,relu,,,,,,,,
0.0622340731322765,4887.100694444444,4887.24609375,2592079872.0,,0.0,,2592079872.0,24581888.0,0.0,mobile_bert,1.0,128.0,False,False,False,False,,relu,,,,,,,,
0.1068010371178388,4784.088107638889,4784.10546875,5184159744.0,,0.0,,5184159744.0,24581888.0,0.0,mobile_bert,1.0,256.0,False,False,False,False,,relu,,,,,,,,
0.0621699456125497,4982.86328125,4982.86328125,2592079872.0,,0.0,,2592079872.0,24581888.0,0.0,mobile_bert,2.0,64.0,False,False,False,False,,relu,,,,,,,,
0.0993438903242349,5126.4921875,5126.4921875,5184159744.0,,0.0,,5184159744.0,24581888.0,0.0,mobile_bert,2.0,128.0,False,False,False,False,,relu,,,,,,,,
0.197672826424241,5271.51171875,5271.51171875,10368319488.0,,0.0,,10368319488.0,24581888.0,0.0,mobile_bert,2.0,256.0,False,False,False,False,,relu,,,,,,,,
0.0959655053913593,5422.7890625,5422.7890625,5184159744.0,,0.0,,5184159744.0,24581888.0,0.0,mobile_bert,4.0,64.0,False,False,False,False,,relu,,,,,,,,
0.1814098116010427,5305.11328125,5305.11328125,10368319488.0,,0.0,,10368319488.0,24581888.0,0.0,mobile_bert,4.0,128.0,False,False,False,False,,relu,,,,,,,,
0.3954783670604229,5307.8984375,5307.8984375,20736638976.0,,0.0,,20736638976.0,24581888.0,0.0,mobile_bert,4.0,256.0,False,False,False,False,,relu,,,,,,,,
0.1707284703850746,5308.0703125,5308.0703125,10368319488.0,,0.0,,10368319488.0,24581888.0,0.0,mobile_bert,8.0,64.0,False,False,False,False,,relu,,,,,,,,
0.3530414614826441,5379.181361607143,5379.35546875,20736638976.0,,0.0,,20736638976.0,24581888.0,0.0,mobile_bert,8.0,128.0,False,False,False,False,,relu,,,,,,,,
0.7787738189101219,5581.09765625,5581.09765625,41473277952.0,,0.0,,41473277952.0,24581888.0,0.0,mobile_bert,8.0,256.0,False,False,False,False,,relu,,,,,,,,
0.04326552450656891,4719.818359375,4720.5,1701239808.0,,0.0,196608.0,589824.0,51094272.0,0.0,squeeze_bert,1.0,64.0,False,False,False,False,,relu,,,,,,,1760256.0,1698693120.0
0.07703850641846657,4921.247209821428,4921.25,3405428736.0,,0.0,393216.0,589824.0,51094272.0,0.0,squeeze_bert,1.0,128.0,False,False,False,False,,relu,,,,,,,7059456.0,3397386240.0
0.16566937156021594,4965.7158203125,4965.73046875,6824423424.0,,0.0,786432.0,589824.0,51094272.0,0.0,squeeze_bert,1.0,256.0,False,False,False,False,,relu,,,,,,,28274688.0,6794772480.0
0.08204171098768712,5051.32421875,5051.32421875,3402479616.0,,0.0,393216.0,1179648.0,51094272.0,0.0,squeeze_bert,2.0,64.0,False,False,False,False,,relu,,,,,,,3520512.0,3397386240.0
0.14550817236304284,5241.48046875,5241.48046875,6810857472.0,,0.0,786432.0,1179648.0,51094272.0,0.0,squeeze_bert,2.0,128.0,False,False,False,False,,relu,,,,,,,14118912.0,6794772480.0
0.3436007112264633,5259.64453125,5259.64453125,13648846848.0,,0.0,1572864.0,1179648.0,51094272.0,0.0,squeeze_bert,2.0,256.0,False,False,False,False,,relu,,,,,,,56549376.0,13589544960.0
0.15139859579503537,5451.90625,5451.90625,6804959232.0,,0.0,786432.0,2359296.0,51094272.0,0.0,squeeze_bert,4.0,64.0,False,False,False,False,,relu,,,,,,,7041024.0,6794772480.0
0.2896046169102192,5463.046875,5463.046875,13621714944.0,,0.0,1572864.0,2359296.0,51094272.0,0.0,squeeze_bert,4.0,128.0,False,False,False,False,,relu,,,,,,,28237824.0,13589544960.0
0.7437094192951917,5545.3607421875,5562.7734375,27297693696.0,,0.0,3145728.0,2359296.0,51094272.0,0.0,squeeze_bert,4.0,256.0,False,False,False,False,,relu,,,,,,,113098752.0,27179089920.0
0.2965082317590714,5573.22265625,5573.22265625,13609918464.0,,0.0,1572864.0,4718592.0,51094272.0,0.0,squeeze_bert,8.0,64.0,False,False,False,False,,relu,,,,,,,14082048.0,13589544960.0
0.5848700758069754,5586.4765625,5586.4765625,27243429888.0,,0.0,3145728.0,4718592.0,51094272.0,0.0,squeeze_bert,8.0,128.0,False,False,False,False,,relu,,,,,,,56475648.0,27179089920.0
1.3957766458392142,5184.20234375,5184.2421875,54595387392.0,,0.0,6291456.0,4718592.0,51094272.0,0.0,squeeze_bert,8.0,256.0,False,False,False,False,,relu,,,,,,,226197504.0,54358179840.0
