<class 'torch.nn.modules.batchnorm.BatchNorm2d'>_calls,<class 'torch.nn.modules.batchnorm.BatchNorm2d'>_macs,<class 'torch.nn.modules.conv.Conv2d'>_calls,<class 'torch.nn.modules.conv.Conv2d'>_macs,<class 'torch.nn.modules.dropout.Dropout'>_calls,<class 'torch.nn.modules.dropout.Dropout'>_macs,<class 'torch.nn.modules.linear.Linear'>_calls,<class 'torch.nn.modules.linear.Linear'>_macs,<class 'torch.nn.modules.pooling.AdaptiveAvgPool2d'>_calls,<class 'torch.nn.modules.pooling.AdaptiveAvgPool2d'>_macs,<class 'torch.nn.modules.pooling.MaxPool2d'>_calls,<class 'torch.nn.modules.pooling.MaxPool2d'>_macs,avg_memory,batch_size,input_size,latency,macs,max_memory,model,total_nn_calls,total_params,trainable_params,<class 'torch.nn.modules.normalization.LayerNorm'>_calls,<class 'torch.nn.modules.normalization.LayerNorm'>_macs,<class 'torch.nn.modules.activation.ReLU6'>_calls,<class 'torch.nn.modules.activation.ReLU6'>_macs,<class 'torch.nn.modules.activation.ReLU'>_calls,<class 'torch.nn.modules.activation.ReLU'>_macs,<class 'torch.nn.modules.pooling.AvgPool2d'>_calls,<class 'torch.nn.modules.pooling.AvgPool2d'>_macs,<class 'torch.nn.modules.activation.Softmax'>_calls,<class 'torch.nn.modules.activation.Softmax'>_macs,<class 'torch.nn.modules.conv.Conv1d'>_calls,<class 'torch.nn.modules.conv.Conv1d'>_macs
,,1.0,115605504.0,37.0,0.0,49.0,4247500800.0,,,,,1486880768.0,1.0,224.0,9.10833477973938e-07,4366946304.0,1486880768.0,vit32,112.0,88224232.0,88224232.0,25.0,3840000.0,,,,,,,,,,
,,1.0,231211008.0,37.0,0.0,49.0,8495001600.0,,,,,1885339648.0,2.0,224.0,1.4007091522216795e-06,8733892608.0,1885339648.0,vit32,112.0,88224232.0,88224232.0,25.0,7680000.0,,,,,,,,,,
,,1.0,462422016.0,37.0,0.0,49.0,16990003200.0,,,,,1887436800.0,4.0,224.0,1.467391848564148e-06,17467785216.0,1887436800.0,vit32,112.0,88224232.0,88224232.0,25.0,15360000.0,,,,,,,,,,
,,1.0,924844032.0,37.0,0.0,49.0,33980006400.0,,,,,2285895680.0,8.0,224.0,1.3832002878189087e-06,34935570432.0,2285895680.0,vit32,112.0,88224232.0,88224232.0,25.0,30720000.0,,,,,,,,,,
,,1.0,1849688064.0,37.0,0.0,49.0,67960012800.0,,,,,2285895680.0,16.0,224.0,1.3813376426696778e-06,69871140864.0,2285895680.0,vit32,112.0,88224232.0,88224232.0,25.0,61440000.0,,,,,,,,,,
,,1.0,3699376128.0,37.0,0.0,49.0,135920025600.0,,,,,2386558976.0,32.0,224.0,2.054870128631592e-06,139742281728.0,2386558976.0,vit32,112.0,88224232.0,88224232.0,25.0,122880000.0,,,,,,,,,,
,,1.0,7398752256.0,37.0,0.0,49.0,271840051200.0,,,,,2852126720.0,64.0,224.0,8.52346420288086e-07,279484563456.0,2852126720.0,vit32,112.0,88224232.0,88224232.0,25.0,245760000.0,,,,,,,,,,
,,1.0,14797504512.0,37.0,0.0,49.0,543680102400.0,,,,,3149922304.0,128.0,224.0,8.743256330490112e-07,558969126912.0,3149922304.0,vit32,112.0,88224232.0,88224232.0,25.0,491520000.0,,,,,,,,,,
157.0,78199296.0,245.0,5360927200.0,,,,,1.0,64000.0,,,1342177280.0,1.0,224.0,8.52346420288086e-07,5439190496.0,1342177280.0,efficientnet,403.0,54139356.0,54139356.0,,,,,,,,,,,,
157.0,156398592.0,245.0,10721854400.0,,,,,1.0,128000.0,,,1551892480.0,2.0,224.0,8.903443813323975e-07,10878380992.0,1551892480.0,efficientnet,403.0,54139356.0,54139356.0,,,,,,,,,,,,
157.0,312797184.0,245.0,21443708800.0,,,,,1.0,256000.0,,,1807745024.0,4.0,224.0,8.519738912582396e-07,21756761984.0,1807745024.0,efficientnet,403.0,54139356.0,54139356.0,,,,,,,,,,,,
157.0,625594368.0,245.0,42887417600.0,,,,,1.0,512000.0,,,1973420032.0,8.0,224.0,8.545815944671631e-07,43513523968.0,1973420032.0,efficientnet,403.0,54139356.0,54139356.0,,,,,,,,,,,,
157.0,1251188736.0,245.0,85774835200.0,,,,,1.0,1024000.0,,,2124414976.0,16.0,224.0,8.735805749893186e-07,87027047936.0,2124414976.0,efficientnet,403.0,54139356.0,54139356.0,,,,,,,,,,,,
157.0,2502377472.0,245.0,171549670400.0,,,,,1.0,2048000.0,,,2459959296.0,32.0,224.0,8.899718523025513e-07,174054095872.0,2459959296.0,efficientnet,403.0,54139356.0,54139356.0,,,,,,,,,,,,
157.0,5004754944.0,245.0,343099340800.0,,,,,1.0,4096000.0,,,3332374528.0,64.0,224.0,8.892267942428587e-07,348108191744.0,3332374528.0,efficientnet,403.0,54139356.0,54139356.0,,,,,,,,,,,,
157.0,10009509888.0,245.0,686198681600.0,,,,,1.0,8192000.0,,,4202692608.0,128.0,224.0,8.814036846160886e-07,696216383488.0,4202692608.0,efficientnet,403.0,54139356.0,54139356.0,,,,,,,,,,,,
64.0,34941312.0,64.0,501187680.0,,,,,1.0,64000.0,,,1142947840.0,1.0,224.0,8.73953104019165e-07,536192992.0,1142947840.0,efficientnet_lite,172.0,5416680.0,5416680.0,,,43.0,0.0,,,,,,,,
64.0,69882624.0,64.0,1002375360.0,,,,,1.0,128000.0,,,1153433600.0,2.0,224.0,8.750706911087036e-07,1072385984.0,1153433600.0,efficientnet_lite,172.0,5416680.0,5416680.0,,,43.0,0.0,,,,,,,,
64.0,139765248.0,64.0,2004750720.0,,,,,1.0,256000.0,,,1197473792.0,4.0,224.0,8.579343557357791e-07,2144771968.0,1197473792.0,efficientnet_lite,172.0,5416680.0,5416680.0,,,43.0,0.0,,,,,,,,
64.0,279530496.0,64.0,4009501440.0,,,,,1.0,512000.0,,,1277165568.0,8.0,224.0,8.799135684967041e-07,4289543936.0,1277165568.0,efficientnet_lite,172.0,5416680.0,5416680.0,,,43.0,0.0,,,,,,,,
64.0,559060992.0,64.0,8019002880.0,,,,,1.0,1024000.0,,,1470103552.0,16.0,224.0,8.918344974517822e-07,8579087872.0,1470103552.0,efficientnet_lite,172.0,5416680.0,5416680.0,,,43.0,0.0,,,,,,,,
64.0,1118121984.0,64.0,16038005760.0,,,,,1.0,2048000.0,,,1835008000.0,32.0,224.0,8.799135684967041e-07,17158175744.0,1835008000.0,efficientnet_lite,172.0,5416680.0,5416680.0,,,43.0,0.0,,,,,,,,
64.0,2236243968.0,64.0,32076011520.0,,,,,1.0,4096000.0,,,2566914048.0,64.0,224.0,8.750706911087036e-07,34316351488.0,2566914048.0,efficientnet_lite,172.0,5416680.0,5416680.0,,,43.0,0.0,,,,,,,,
64.0,4472487936.0,64.0,64152023040.0,,,,,1.0,8192000.0,,,4007657472.0,128.0,224.0,8.627772331237793e-07,68632702976.0,4007657472.0,efficientnet_lite,172.0,5416680.0,5416680.0,,,43.0,0.0,,,,,,,,
,,45.0,3001948544.0,,,,,1.0,128000.0,,,1205862400.0,1.0,224.0,9.421259164810179e-07,3002076544.0,1205862400.0,gernet,87.0,21142920.0,21142920.0,,,,,41.0,0.0,,,,,,
,,45.0,6003897088.0,,,,,1.0,256000.0,,,1279262720.0,2.0,224.0,8.627772331237793e-07,6004153088.0,1279262720.0,gernet,87.0,21142920.0,21142920.0,,,,,41.0,0.0,,,,,,
,,45.0,12007794176.0,,,,,1.0,512000.0,,,1279262720.0,4.0,224.0,8.553266525268554e-07,12008306176.0,1279262720.0,gernet,87.0,21142920.0,21142920.0,,,,,41.0,0.0,,,,,,
,,45.0,24015588352.0,,,,,1.0,1024000.0,,,1354760192.0,8.0,224.0,1.0635703802108765e-06,24016612352.0,1354760192.0,gernet,87.0,21142920.0,21142920.0,,,,,41.0,0.0,,,,,,
,,45.0,48031176704.0,,,,,1.0,2048000.0,,,1595932672.0,16.0,224.0,8.538365364074706e-07,48033224704.0,1595932672.0,gernet,87.0,21142920.0,21142920.0,,,,,41.0,0.0,,,,,,
,,45.0,96062353408.0,,,,,1.0,4096000.0,,,1935671296.0,32.0,224.0,8.709728717803957e-07,96066449408.0,1935671296.0,gernet,87.0,21142920.0,21142920.0,,,,,41.0,0.0,,,,,,
,,45.0,192124706816.0,,,,,1.0,8192000.0,,,2503999488.0,64.0,224.0,8.963048458099365e-07,192132898816.0,2503999488.0,gernet,87.0,21142920.0,21142920.0,,,,,41.0,0.0,,,,,,
,,45.0,384249413632.0,,,,,1.0,16384000.0,,,3640655872.0,128.0,224.0,8.873641490936279e-07,384265797632.0,3640655872.0,gernet,87.0,21142920.0,21142920.0,,,,,41.0,0.0,,,,,,
20.0,9934848.0,20.0,1813561344.0,,,1.0,512000.0,1.0,25600.0,1.0,0.0,1182793728.0,1.0,224.0,8.217990398406981e-07,1824033792.0,1182793728.0,resnet18,52.0,11689512.0,11689512.0,,,,,9.0,0.0,,,,,,
20.0,19869696.0,20.0,3627122688.0,,,1.0,1024000.0,1.0,51200.0,1.0,0.0,1231028224.0,2.0,224.0,8.430331945419313e-07,3648067584.0,1231028224.0,resnet18,52.0,11689512.0,11689512.0,,,,,9.0,0.0,,,,,,
20.0,39739392.0,20.0,7254245376.0,,,1.0,2048000.0,1.0,102400.0,1.0,0.0,1312817152.0,4.0,224.0,8.627772331237793e-07,7296135168.0,1312817152.0,resnet18,52.0,11689512.0,11689512.0,,,,,9.0,0.0,,,,,,
20.0,79478784.0,20.0,14508490752.0,,,1.0,4096000.0,1.0,204800.0,1.0,0.0,1421869056.0,8.0,224.0,8.363276720046997e-07,14592270336.0,1421869056.0,resnet18,52.0,11689512.0,11689512.0,,,,,9.0,0.0,,,,,,
20.0,158957568.0,20.0,29016981504.0,,,1.0,8192000.0,1.0,409600.0,1.0,0.0,1526726656.0,16.0,224.0,8.508563041687013e-07,29184540672.0,1526726656.0,resnet18,52.0,11689512.0,11689512.0,,,,,9.0,0.0,,,,,,
20.0,317915136.0,20.0,58033963008.0,,,1.0,16384000.0,1.0,819200.0,1.0,0.0,1732247552.0,32.0,224.0,2.100691199302673e-06,58369081344.0,1732247552.0,resnet18,52.0,11689512.0,11689512.0,,,,,9.0,0.0,,,,,,
20.0,635830272.0,20.0,116067926016.0,,,1.0,32768000.0,1.0,1638400.0,1.0,0.0,2143289344.0,64.0,224.0,8.642673492431641e-07,116738162688.0,2143289344.0,resnet18,52.0,11689512.0,11689512.0,,,,,9.0,0.0,,,,,,
20.0,1271660544.0,20.0,232135852032.0,,,1.0,65536000.0,1.0,3276800.0,1.0,0.0,3428843520.0,128.0,224.0,8.687376976013183e-07,233476325376.0,3428843520.0,resnet18,52.0,11689512.0,11689512.0,,,,,9.0,0.0,,,,,,
,,5.0,655566528.0,2.0,0.0,3.0,58621952.0,1.0,18432.0,3.0,0.0,1340080128.0,1.0,224.0,8.825212717056275e-07,714206912.0,1340080128.0,alexnet,21.0,61100840.0,61100840.0,,,,,7.0,0.0,,,,,,
,,5.0,1311133056.0,2.0,0.0,3.0,117243904.0,1.0,36864.0,3.0,0.0,1574961152.0,2.0,224.0,8.665025234222412e-07,1428413824.0,1574961152.0,alexnet,21.0,61100840.0,61100840.0,,,,,7.0,0.0,,,,,,
,,5.0,2622266112.0,2.0,0.0,3.0,234487808.0,1.0,73728.0,3.0,0.0,1598029824.0,4.0,224.0,8.545815944671631e-07,2856827648.0,1598029824.0,alexnet,21.0,61100840.0,61100840.0,,,,,7.0,0.0,,,,,,
,,5.0,5244532224.0,2.0,0.0,3.0,468975616.0,1.0,147456.0,3.0,0.0,1598029824.0,8.0,224.0,8.910894393920898e-07,5713655296.0,1598029824.0,alexnet,21.0,61100840.0,61100840.0,,,,,7.0,0.0,,,,,,
,,5.0,10489064448.0,2.0,0.0,3.0,937951232.0,1.0,294912.0,3.0,0.0,1681915904.0,16.0,224.0,8.620321750640869e-07,11427310592.0,1681915904.0,alexnet,21.0,61100840.0,61100840.0,,,,,7.0,0.0,,,,,,
,,5.0,20978128896.0,2.0,0.0,3.0,1875902464.0,1.0,589824.0,3.0,0.0,1681915904.0,32.0,224.0,8.516013622283934e-07,22854621184.0,1681915904.0,alexnet,21.0,61100840.0,61100840.0,,,,,7.0,0.0,,,,,,
,,5.0,41956257792.0,2.0,0.0,3.0,3751804928.0,1.0,1179648.0,3.0,0.0,1881145344.0,64.0,224.0,8.877366781234743e-07,45709242368.0,1881145344.0,alexnet,21.0,61100840.0,61100840.0,,,,,7.0,0.0,,,,,,
,,5.0,83912515584.0,2.0,0.0,3.0,7503609856.0,1.0,2359296.0,3.0,0.0,2321547264.0,128.0,224.0,2.017244696617126e-06,91418484736.0,2321547264.0,alexnet,21.0,61100840.0,61100840.0,,,,,7.0,0.0,,,,,,
,,26.0,818924576.0,1.0,0.0,,,1.0,170000.0,3.0,0.0,1103101952.0,1.0,224.0,8.452683687210083e-07,819094576.0,1103101952.0,squeezenet,57.0,1248424.0,1248424.0,,,,,26.0,0.0,,,,,,
,,26.0,1637849152.0,1.0,0.0,,,1.0,340000.0,3.0,0.0,1124073472.0,2.0,224.0,8.653849363327027e-07,1638189152.0,1124073472.0,squeezenet,57.0,1248424.0,1248424.0,,,,,26.0,0.0,,,,,,
,,26.0,3275698304.0,1.0,0.0,,,1.0,680000.0,3.0,0.0,1149239296.0,4.0,224.0,8.508563041687013e-07,3276378304.0,1149239296.0,squeezenet,57.0,1248424.0,1248424.0,,,,,26.0,0.0,,,,,,
,,26.0,6551396608.0,1.0,0.0,,,1.0,1360000.0,3.0,0.0,1189085184.0,8.0,224.0,9.037554264068605e-07,6552756608.0,1189085184.0,squeezenet,57.0,1248424.0,1248424.0,,,,,26.0,0.0,,,,,,
,,26.0,13102793216.0,1.0,0.0,,,1.0,2720000.0,3.0,0.0,1335885824.0,16.0,224.0,9.045004844665528e-07,13105513216.0,1335885824.0,squeezenet,57.0,1248424.0,1248424.0,,,,,26.0,0.0,,,,,,
,,26.0,26205586432.0,1.0,0.0,,,1.0,5440000.0,3.0,0.0,1482686464.0,32.0,224.0,8.407980203628541e-07,26211026432.0,1482686464.0,squeezenet,57.0,1248424.0,1248424.0,,,,,26.0,0.0,,,,,,
,,26.0,52411172864.0,1.0,0.0,,,1.0,10880000.0,3.0,0.0,2067791872.0,64.0,224.0,8.627772331237793e-07,52422052864.0,2067791872.0,squeezenet,57.0,1248424.0,1248424.0,,,,,26.0,0.0,,,,,,
,,26.0,104822345728.0,1.0,0.0,,,1.0,21760000.0,3.0,0.0,3231711232.0,128.0,224.0,8.814036846160886e-07,104844105728.0,3231711232.0,squeezenet,57.0,1248424.0,1248424.0,,,,,26.0,0.0,,,,,,
,,13.0,15346630656.0,2.0,0.0,3.0,123633664.0,1.0,50176.0,5.0,0.0,1700790272.0,1.0,224.0,8.556991815567015e-07,15470314496.0,1700790272.0,vgg16,39.0,138357544.0,138357544.0,,,,,15.0,0.0,,,,,,
,,13.0,30693261312.0,2.0,0.0,3.0,247267328.0,1.0,100352.0,5.0,0.0,2273312768.0,2.0,224.0,8.672475814819336e-07,30940628992.0,2273312768.0,vgg16,39.0,138357544.0,138357544.0,,,,,15.0,0.0,,,,,,
,,13.0,61386522624.0,2.0,0.0,3.0,494534656.0,1.0,200704.0,5.0,0.0,2789212160.0,4.0,224.0,8.564442396163941e-07,61881257984.0,2789212160.0,vgg16,39.0,138357544.0,138357544.0,,,,,15.0,0.0,,,,,,
,,13.0,122773045248.0,2.0,0.0,3.0,989069312.0,1.0,401408.0,5.0,0.0,2789212160.0,8.0,224.0,8.698552846908569e-07,123762515968.0,2789212160.0,vgg16,39.0,138357544.0,138357544.0,,,,,15.0,0.0,,,,,,
,,13.0,245546090496.0,2.0,0.0,3.0,1978138624.0,1.0,802816.0,5.0,0.0,3602907136.0,16.0,224.0,8.456408977508545e-07,247525031936.0,3602907136.0,vgg16,39.0,138357544.0,138357544.0,,,,,15.0,0.0,,,,,,
,,13.0,491092180992.0,2.0,0.0,3.0,3956277248.0,1.0,1605632.0,5.0,0.0,5228199936.0,32.0,224.0,8.456408977508545e-07,495050063872.0,5228199936.0,vgg16,39.0,138357544.0,138357544.0,,,,,15.0,0.0,,,,,,
,,13.0,982184361984.0,2.0,0.0,3.0,7912554496.0,1.0,3211264.0,5.0,0.0,9296674816.0,64.0,224.0,8.542090654373169e-07,990100127744.0,9296674816.0,vgg16,39.0,138357544.0,138357544.0,,,,,15.0,0.0,,,,,,
,,13.0,1964368723968.0,2.0,0.0,3.0,15825108992.0,1.0,6422528.0,5.0,0.0,10345250816.0,128.0,224.0,8.501112461090087e-07,1980200255488.0,10345250816.0,vgg16,39.0,138357544.0,138357544.0,,,,,15.0,0.0,,,,,,
161.0,117656448.0,160.0,7725699072.0,,,1.0,2208000.0,,,1.0,0.0,1226833920.0,1.0,224.0,9.097158908843994e-07,7845841056.0,1226833920.0,densenet,486.0,28681000.0,28681000.0,,,,,160.0,0.0,3.0,277536.0,,,,
161.0,235312896.0,160.0,15451398144.0,,,1.0,4416000.0,,,1.0,0.0,1340080128.0,2.0,224.0,8.527189493179324e-07,15691682112.0,1340080128.0,densenet,486.0,28681000.0,28681000.0,,,,,160.0,0.0,3.0,555072.0,,,,
161.0,470625792.0,160.0,30902796288.0,,,1.0,8832000.0,,,1.0,0.0,1411383296.0,4.0,224.0,8.594244718551634e-07,31383364224.0,1411383296.0,densenet,486.0,28681000.0,28681000.0,,,,,160.0,0.0,3.0,1110144.0,,,,
161.0,941251584.0,160.0,61805592576.0,,,1.0,17664000.0,,,1.0,0.0,1558183936.0,8.0,224.0,8.519738912582396e-07,62766728448.0,1558183936.0,densenet,486.0,28681000.0,28681000.0,,,,,160.0,0.0,3.0,2220288.0,,,,
161.0,1882503168.0,160.0,123611185152.0,,,1.0,35328000.0,,,1.0,0.0,1914699776.0,16.0,224.0,8.67992639541626e-07,125533456896.0,1914699776.0,densenet,486.0,28681000.0,28681000.0,,,,,160.0,0.0,3.0,4440576.0,,,,
161.0,3765006336.0,160.0,247222370304.0,,,1.0,70656000.0,,,1.0,0.0,2472542208.0,32.0,224.0,1.475587487220764e-06,251066913792.0,2472542208.0,densenet,486.0,28681000.0,28681000.0,,,,,160.0,0.0,3.0,8881152.0,,,,
161.0,7530012672.0,160.0,494444740608.0,,,1.0,141312000.0,,,1.0,0.0,3525312512.0,64.0,224.0,8.612871170043945e-07,502133827584.0,3525312512.0,densenet,486.0,28681000.0,28681000.0,,,,,160.0,0.0,3.0,17762304.0,,,,
161.0,15060025344.0,160.0,988889481216.0,,,1.0,282624000.0,,,1.0,0.0,5628755968.0,128.0,224.0,8.843839168548584e-07,1004267655168.0,5628755968.0,densenet,486.0,28681000.0,28681000.0,,,,,160.0,0.0,3.0,35524608.0,,,,
96.0,18593344.0,96.0,2835873120.0,1.0,0.0,2.0,2048000.0,1.0,53248.0,2.0,0.0,1243611136.0,1.0,224.0,8.657574653625488e-07,2856567712.0,1243611136.0,inception,198.0,27161264.0,27161264.0,,,,,,,,,,,,
96.0,37186688.0,96.0,5671746240.0,1.0,0.0,2.0,4096000.0,1.0,106496.0,2.0,0.0,1344274432.0,2.0,224.0,1.4055520296096802e-06,5713135424.0,1344274432.0,inception,198.0,27161264.0,27161264.0,,,,,,,,,,,,
96.0,74373376.0,96.0,11343492480.0,1.0,0.0,2.0,8192000.0,1.0,212992.0,2.0,0.0,1417674752.0,4.0,224.0,1.4036893844604493e-06,11426270848.0,1417674752.0,inception,198.0,27161264.0,27161264.0,,,,,,,,,,,,
96.0,148746752.0,96.0,22686984960.0,1.0,0.0,2.0,16384000.0,1.0,425984.0,2.0,0.0,1491075072.0,8.0,224.0,1.3928860425949094e-06,22852541696.0,1491075072.0,inception,198.0,27161264.0,27161264.0,,,,,,,,,,,,
96.0,297493504.0,96.0,45373969920.0,1.0,0.0,2.0,32768000.0,1.0,851968.0,2.0,0.0,1759510528.0,16.0,224.0,2.5022774934768683e-06,45705083392.0,1759510528.0,inception,198.0,27161264.0,27161264.0,,,,,,,,,,,,
96.0,594987008.0,96.0,90747939840.0,1.0,0.0,2.0,65536000.0,1.0,1703936.0,2.0,0.0,2105540608.0,32.0,224.0,1.3932585716247559e-06,91410166784.0,2105540608.0,inception,198.0,27161264.0,27161264.0,,,,,,,,,,,,
96.0,1189974016.0,96.0,181495879680.0,1.0,0.0,2.0,131072000.0,1.0,3407872.0,2.0,0.0,2730491904.0,64.0,224.0,8.869916200637817e-07,182820333568.0,2730491904.0,inception,198.0,27161264.0,27161264.0,,,,,,,,,,,,
96.0,2379948032.0,96.0,362991759360.0,1.0,0.0,2.0,262144000.0,1.0,6815744.0,2.0,0.0,3976200192.0,128.0,224.0,8.840113878250122e-07,365640667136.0,3976200192.0,inception,198.0,27161264.0,27161264.0,,,,,,,,,,,,
59.0,12904640.0,59.0,1497352192.0,3.0,0.0,5.0,1024000.0,1.0,51200.0,13.0,0.0,1163919360.0,1.0,224.0,8.627772331237793e-07,1511332032.0,1163919360.0,googlenet,140.0,13004888.0,13004888.0,,,,,,,,,,,,
59.0,25809280.0,59.0,2994704384.0,3.0,0.0,5.0,2048000.0,1.0,102400.0,13.0,0.0,1193279488.0,2.0,224.0,1.3764947652816772e-06,3022664064.0,1193279488.0,googlenet,140.0,13004888.0,13004888.0,,,,,,,,,,,,
59.0,51618560.0,59.0,5989408768.0,3.0,0.0,5.0,4096000.0,1.0,204800.0,13.0,0.0,1247805440.0,4.0,224.0,1.3671815395355222e-06,6045328128.0,1247805440.0,googlenet,140.0,13004888.0,13004888.0,,,,,,,,,,,,
59.0,103237120.0,59.0,11978817536.0,3.0,0.0,5.0,8192000.0,1.0,409600.0,13.0,0.0,1302331392.0,8.0,224.0,1.4357268810272214e-06,12090656256.0,1302331392.0,googlenet,140.0,13004888.0,13004888.0,,,,,,,,,,,,
59.0,206474240.0,59.0,23957635072.0,3.0,0.0,5.0,16384000.0,1.0,819200.0,13.0,0.0,1524629504.0,16.0,224.0,1.444295048713684e-06,24181312512.0,1524629504.0,googlenet,140.0,13004888.0,13004888.0,,,,,,,,,,,,
59.0,412948480.0,59.0,47915270144.0,3.0,0.0,5.0,32768000.0,1.0,1638400.0,13.0,0.0,1862270976.0,32.0,224.0,1.4163553714752197e-06,48362625024.0,1862270976.0,googlenet,140.0,13004888.0,13004888.0,,,,,,,,,,,,
59.0,825896960.0,59.0,95830540288.0,3.0,0.0,5.0,65536000.0,1.0,3276800.0,13.0,0.0,2533359616.0,64.0,224.0,1.411139965057373e-06,96725250048.0,2533359616.0,googlenet,140.0,13004888.0,13004888.0,,,,,,,,,,,,
59.0,1651793920.0,59.0,191661080576.0,3.0,0.0,5.0,131072000.0,1.0,6553600.0,13.0,0.0,3871342592.0,128.0,224.0,1.4744699001312256e-06,193450500096.0,3871342592.0,googlenet,140.0,13004888.0,13004888.0,,,,,,,,,,,,
56.0,7800800.0,56.0,143883992.0,,,1.0,1024000.0,,,1.0,0.0,1109393408.0,1.0,224.0,8.873641490936279e-07,152708792.0,1109393408.0,shufflenet,151.0,2278604.0,2278604.0,,,,,37.0,0.0,,,,,,
56.0,15601600.0,56.0,287767984.0,,,1.0,2048000.0,,,1.0,0.0,1111490560.0,2.0,224.0,9.346753358840945e-07,305417584.0,1111490560.0,shufflenet,151.0,2278604.0,2278604.0,,,,,37.0,0.0,,,,,,
56.0,31203200.0,56.0,575535968.0,,,1.0,4096000.0,,,1.0,0.0,1134559232.0,4.0,224.0,1.0009855031967165e-06,610835168.0,1134559232.0,shufflenet,151.0,2278604.0,2278604.0,,,,,37.0,0.0,,,,,,
56.0,62406400.0,56.0,1151071936.0,,,1.0,8192000.0,,,1.0,0.0,1134559232.0,8.0,224.0,1.0129064321517943e-06,1221670336.0,1134559232.0,shufflenet,151.0,2278604.0,2278604.0,,,,,37.0,0.0,,,,,,
56.0,124812800.0,56.0,2302143872.0,,,1.0,16384000.0,,,1.0,0.0,1176502272.0,16.0,224.0,1.0292977094650273e-06,2443340672.0,1176502272.0,shufflenet,151.0,2278604.0,2278604.0,,,,,37.0,0.0,,,,,,
56.0,249625600.0,56.0,4604287744.0,,,1.0,32768000.0,,,1.0,0.0,1256194048.0,32.0,224.0,1.0341405868530274e-06,4886681344.0,1256194048.0,shufflenet,151.0,2278604.0,2278604.0,,,,,37.0,0.0,,,,,,
56.0,499251200.0,56.0,9208575488.0,,,1.0,65536000.0,,,1.0,0.0,1411383296.0,64.0,224.0,1.0088086128234864e-06,9773362688.0,1411383296.0,shufflenet,151.0,2278604.0,2278604.0,,,,,37.0,0.0,,,,,,
56.0,998502400.0,56.0,18417150976.0,,,1.0,131072000.0,,,1.0,0.0,1721761792.0,128.0,224.0,8.285045623779297e-07,19546725376.0,1721761792.0,shufflenet,151.0,2278604.0,2278604.0,,,,,37.0,0.0,,,,,,
52.0,26712448.0,52.0,299494272.0,1.0,0.0,1.0,1280000.0,,,,,1113587712.0,1.0,224.0,8.478760719299315e-07,327486720.0,1113587712.0,mobilenet_v2,141.0,3504872.0,3504872.0,,,,,35.0,0.0,,,,,,
52.0,53424896.0,52.0,598988544.0,1.0,0.0,1.0,2560000.0,,,,,1138753536.0,2.0,224.0,8.471310138702394e-07,654973440.0,1138753536.0,mobilenet_v2,141.0,3504872.0,3504872.0,,,,,35.0,0.0,,,,,,
52.0,106849792.0,52.0,1197977088.0,1.0,0.0,1.0,5120000.0,,,,,1180696576.0,4.0,224.0,8.706003427505493e-07,1309946880.0,1180696576.0,mobilenet_v2,141.0,3504872.0,3504872.0,,,,,35.0,0.0,,,,,,
52.0,213699584.0,52.0,2395954176.0,1.0,0.0,1.0,10240000.0,,,,,1262485504.0,8.0,224.0,8.624047040939331e-07,2619893760.0,1262485504.0,mobilenet_v2,141.0,3504872.0,3504872.0,,,,,35.0,0.0,,,,,,
52.0,427399168.0,52.0,4791908352.0,1.0,0.0,1.0,20480000.0,,,,,1449132032.0,16.0,224.0,8.530914783477783e-07,5239787520.0,1449132032.0,mobilenet_v2,141.0,3504872.0,3504872.0,,,,,35.0,0.0,,,,,,
52.0,854798336.0,52.0,9583816704.0,1.0,0.0,1.0,40960000.0,,,,,1814036480.0,32.0,224.0,8.787959814071655e-07,10479575040.0,1814036480.0,mobilenet_v2,141.0,3504872.0,3504872.0,,,,,35.0,0.0,,,,,,
52.0,1709596672.0,52.0,19167633408.0,1.0,0.0,1.0,81920000.0,,,,,2537553920.0,64.0,224.0,8.467584848403932e-07,20959150080.0,2537553920.0,mobilenet_v2,141.0,3504872.0,3504872.0,,,,,35.0,0.0,,,,,,
52.0,3419193344.0,52.0,38335266816.0,1.0,0.0,1.0,163840000.0,,,,,3978297344.0,128.0,224.0,8.556991815567015e-07,41918300160.0,3978297344.0,mobilenet_v2,141.0,3504872.0,3504872.0,,,,,35.0,0.0,,,,,,
53.0,57602048.0,53.0,4228431872.0,,,1.0,2048000.0,1.0,102400.0,1.0,0.0,1220542464.0,1.0,224.0,8.76188278198242e-07,4288184320.0,1220542464.0,resnext50_32x4d,126.0,25028904.0,25028904.0,,,,,17.0,0.0,,,,,,
53.0,115204096.0,53.0,8456863744.0,,,1.0,4096000.0,1.0,204800.0,1.0,0.0,1310720000.0,2.0,224.0,8.706003427505493e-07,8576368640.0,1310720000.0,resnext50_32x4d,126.0,25028904.0,25028904.0,,,,,17.0,0.0,,,,,,
53.0,230408192.0,53.0,16913727488.0,,,1.0,8192000.0,1.0,409600.0,1.0,0.0,1356857344.0,4.0,224.0,8.966773748397827e-07,17152737280.0,1356857344.0,resnext50_32x4d,126.0,25028904.0,25028904.0,,,,,17.0,0.0,,,,,,
53.0,460816384.0,53.0,33827454976.0,,,1.0,16384000.0,1.0,819200.0,1.0,0.0,1516240896.0,8.0,224.0,8.802860975265503e-07,34305474560.0,1516240896.0,resnext50_32x4d,126.0,25028904.0,25028904.0,,,,,17.0,0.0,,,,,,
53.0,921632768.0,53.0,67654909952.0,,,1.0,32768000.0,1.0,1638400.0,1.0,0.0,1673527296.0,16.0,224.0,8.847564458847046e-07,68610949120.0,1673527296.0,resnext50_32x4d,126.0,25028904.0,25028904.0,,,,,17.0,0.0,,,,,,
53.0,1843265536.0,53.0,135309819904.0,,,1.0,65536000.0,1.0,3276800.0,1.0,0.0,1981808640.0,32.0,224.0,9.39890742301941e-07,137221898240.0,1981808640.0,resnext50_32x4d,126.0,25028904.0,25028904.0,,,,,17.0,0.0,,,,,,
53.0,3686531072.0,53.0,270619639808.0,,,1.0,131072000.0,1.0,6553600.0,1.0,0.0,2608857088.0,64.0,224.0,8.802860975265503e-07,274443796480.0,2608857088.0,resnext50_32x4d,126.0,25028904.0,25028904.0,,,,,17.0,0.0,,,,,,
53.0,7373062144.0,53.0,541239279616.0,,,1.0,262144000.0,1.0,13107200.0,1.0,0.0,3841982464.0,128.0,224.0,9.644776582717895e-07,548887592960.0,3841982464.0,resnext50_32x4d,126.0,25028904.0,25028904.0,,,,,17.0,0.0,,,,,,
53.0,57602048.0,53.0,11395973120.0,,,1.0,2048000.0,1.0,102400.0,1.0,0.0,1591738368.0,1.0,224.0,8.396804332733155e-07,11455725568.0,1591738368.0,wide_resnet50_2,126.0,68883240.0,68883240.0,,,,,17.0,0.0,,,,,,
53.0,115204096.0,53.0,22791946240.0,,,1.0,4096000.0,1.0,204800.0,1.0,0.0,1803550720.0,2.0,224.0,8.579343557357791e-07,22911451136.0,1803550720.0,wide_resnet50_2,126.0,68883240.0,68883240.0,,,,,17.0,0.0,,,,,,
53.0,230408192.0,53.0,45583892480.0,,,1.0,8192000.0,1.0,409600.0,1.0,0.0,1805647872.0,4.0,224.0,8.624047040939331e-07,45822902272.0,1805647872.0,wide_resnet50_2,126.0,68883240.0,68883240.0,,,,,17.0,0.0,,,,,,
53.0,460816384.0,53.0,91167784960.0,,,1.0,16384000.0,1.0,819200.0,1.0,0.0,2092957696.0,8.0,224.0,8.638948202133181e-07,91645804544.0,2092957696.0,wide_resnet50_2,126.0,68883240.0,68883240.0,,,,,17.0,0.0,,,,,,
53.0,921632768.0,53.0,182335569920.0,,,1.0,32768000.0,1.0,1638400.0,1.0,0.0,2501902336.0,16.0,224.0,8.482486009597778e-07,183291609088.0,2501902336.0,wide_resnet50_2,126.0,68883240.0,68883240.0,,,,,17.0,0.0,,,,,,
53.0,1843265536.0,53.0,364671139840.0,,,1.0,65536000.0,1.0,3276800.0,1.0,0.0,2738880512.0,32.0,224.0,8.594244718551634e-07,366583218176.0,2738880512.0,wide_resnet50_2,126.0,68883240.0,68883240.0,,,,,17.0,0.0,,,,,,
53.0,3686531072.0,53.0,729342279680.0,,,1.0,131072000.0,1.0,6553600.0,1.0,0.0,3418357760.0,64.0,224.0,8.724629878997801e-07,733166436352.0,3418357760.0,wide_resnet50_2,126.0,68883240.0,68883240.0,,,,,17.0,0.0,,,,,,
53.0,7373062144.0,53.0,1458684559360.0,,,1.0,262144000.0,1.0,13107200.0,1.0,0.0,5687476224.0,128.0,224.0,8.348375558853148e-07,1466332872704.0,5687476224.0,wide_resnet50_2,126.0,68883240.0,68883240.0,,,,,17.0,0.0,,,,,,
52.0,21826560.0,52.0,313135872.0,1.0,0.0,1.0,1280000.0,,,,,1117782016.0,1.0,224.0,8.858740329742432e-07,336242432.0,1117782016.0,mnasnet,141.0,4383312.0,4383312.0,,,,,35.0,0.0,,,,,,
52.0,43653120.0,52.0,626271744.0,1.0,0.0,1.0,2560000.0,,,,,1145044992.0,2.0,224.0,1.6219913959503169e-06,672484864.0,1145044992.0,mnasnet,141.0,4383312.0,4383312.0,,,,,35.0,0.0,,,,,,
52.0,87306240.0,52.0,1252543488.0,1.0,0.0,1.0,5120000.0,,,,,1168113664.0,4.0,224.0,8.75815749168396e-07,1344969728.0,1168113664.0,mnasnet,141.0,4383312.0,4383312.0,,,,,35.0,0.0,,,,,,
52.0,174612480.0,52.0,2505086976.0,1.0,0.0,1.0,10240000.0,,,,,1210056704.0,8.0,224.0,8.791685104370117e-07,2689939456.0,1210056704.0,mnasnet,141.0,4383312.0,4383312.0,,,,,35.0,0.0,,,,,,
52.0,349224960.0,52.0,5010173952.0,1.0,0.0,1.0,20480000.0,,,,,1344274432.0,16.0,224.0,9.052455425262451e-07,5379878912.0,1344274432.0,mnasnet,141.0,4383312.0,4383312.0,,,,,35.0,0.0,,,,,,
52.0,698449920.0,52.0,10020347904.0,1.0,0.0,1.0,40960000.0,,,,,1606418432.0,32.0,224.0,9.033828973770142e-07,10759757824.0,1606418432.0,mnasnet,141.0,4383312.0,4383312.0,,,,,35.0,0.0,,,,,,
52.0,1396899840.0,52.0,20040695808.0,1.0,0.0,1.0,81920000.0,,,,,2122317824.0,64.0,224.0,8.903443813323975e-07,21519515648.0,2122317824.0,mnasnet,141.0,4383312.0,4383312.0,,,,,35.0,0.0,,,,,,
52.0,2793799680.0,52.0,40081391616.0,1.0,0.0,1.0,163840000.0,,,,,3152019456.0,128.0,224.0,9.354203939437866e-07,43039031296.0,3152019456.0,mnasnet,141.0,4383312.0,4383312.0,,,,,35.0,0.0,,,,,,
,,,,37.0,0.0,73.0,10872225792.0,,,,,1296039936.0,1.0,128.0,9.182840585708618e-07,10882056192.0,1296039936.0,bert,135.0,109482240.0,109482240.0,25.0,9830400.0,,,,,,,,,,
,,,,37.0,0.0,73.0,21744451584.0,,,,,1769996288.0,2.0,128.0,9.287148714065552e-07,21764112384.0,1769996288.0,bert,135.0,109482240.0,109482240.0,25.0,19660800.0,,,,,,,,,,
,,,,37.0,0.0,73.0,43488903168.0,,,,,1769996288.0,4.0,128.0,9.480863809585571e-07,43528224768.0,1769996288.0,bert,135.0,109482240.0,109482240.0,25.0,39321600.0,,,,,,,,,,
,,,,37.0,0.0,73.0,86977806336.0,,,,,1769996288.0,8.0,128.0,9.551644325256347e-07,87056449536.0,1769996288.0,bert,135.0,109482240.0,109482240.0,25.0,78643200.0,,,,,,,,,,
,,,,37.0,0.0,73.0,173955612672.0,,,,,1769996288.0,16.0,128.0,9.197741746902466e-07,174112899072.0,1769996288.0,bert,135.0,109482240.0,109482240.0,25.0,157286400.0,,,,,,,,,,
,,,,37.0,0.0,73.0,347911225344.0,,,,,1820327936.0,32.0,128.0,9.506940841674804e-07,348225798144.0,1820327936.0,bert,135.0,109482240.0,109482240.0,25.0,314572800.0,,,,,,,,,,
,,,,13.0,0.0,36.0,5435817984.0,,,,,1086324736.0,1.0,128.0,9.249895811080931e-07,5440929792.0,1086324736.0,distilbert,62.0,66362880.0,66362880.0,13.0,5111808.0,,,,,,,,,,
,,,,13.0,0.0,36.0,10871635968.0,,,,,1371537408.0,2.0,128.0,1.5035271644592288e-06,10881859584.0,1371537408.0,distilbert,62.0,66362880.0,66362880.0,13.0,10223616.0,,,,,,,,,,
,,,,13.0,0.0,36.0,21743271936.0,,,,,1371537408.0,4.0,128.0,1.50240957736969e-06,21763719168.0,1371537408.0,distilbert,62.0,66362880.0,66362880.0,13.0,20447232.0,,,,,,,,,,
,,,,13.0,0.0,36.0,43486543872.0,,,,,1371537408.0,8.0,128.0,1.5079975128173829e-06,43527438336.0,1371537408.0,distilbert,62.0,66362880.0,66362880.0,13.0,40894464.0,,,,,,,,,,
,,,,13.0,0.0,36.0,86973087744.0,,,,,1371537408.0,16.0,128.0,1.4994293451309202e-06,87054876672.0,1371537408.0,distilbert,62.0,66362880.0,66362880.0,13.0,81788928.0,,,,,,,,,,
,,,,13.0,0.0,36.0,173946175488.0,,,,,1421869056.0,32.0,128.0,1.4793127775192264e-06,174109753344.0,1421869056.0,distilbert,62.0,66362880.0,66362880.0,13.0,163577856.0,,,,,,,,,,
,,,,61.0,0.0,84.0,8266973184.0,,,,,1390411776.0,1.0,128.0,9.648501873016355e-07,8274444288.0,1390411776.0,funnel_transformer,174.0,130973184.0,130973184.0,29.0,7471104.0,,,,,,,,,,
,,,,61.0,0.0,84.0,16533946368.0,,,,,1971322880.0,2.0,128.0,9.492039680480957e-07,16548888576.0,1971322880.0,funnel_transformer,174.0,130973184.0,130973184.0,29.0,14942208.0,,,,,,,,,,
,,,,61.0,0.0,84.0,33067892736.0,,,,,1971322880.0,4.0,128.0,9.570270776748654e-07,33097777152.0,1971322880.0,funnel_transformer,174.0,130973184.0,130973184.0,29.0,29884416.0,,,,,,,,,,
,,,,61.0,0.0,84.0,66135785472.0,,,,,1971322880.0,8.0,128.0,9.257346391677856e-07,66195554304.0,1971322880.0,funnel_transformer,174.0,130973184.0,130973184.0,29.0,59768832.0,,,,,,,,,,
,,,,61.0,0.0,84.0,132271570944.0,,,,,1996488704.0,16.0,128.0,9.74535942077637e-07,132391108608.0,1996488704.0,funnel_transformer,174.0,130973184.0,130973184.0,29.0,119537664.0,,,,,,,,,,
,,,,61.0,0.0,84.0,264543141888.0,,,,,2197815296.0,32.0,128.0,9.115785360336305e-07,264782217216.0,2197815296.0,funnel_transformer,174.0,130973184.0,130973184.0,29.0,239075328.0,,,,,,,,,,
,,,,4.0,0.0,8.0,10884808704.0,,,,,864026624.0,1.0,128.0,9.60007309913635e-07,10894311424.0,864026624.0,albert,15.0,11683584.0,11683584.0,3.0,9502720.0,,,,,,,,,,
,,,,4.0,0.0,8.0,21769617408.0,,,,,924844032.0,2.0,128.0,1.4748424291610715e-06,21788622848.0,924844032.0,albert,15.0,11683584.0,11683584.0,3.0,19005440.0,,,,,,,,,,
,,,,4.0,0.0,8.0,43539234816.0,,,,,924844032.0,4.0,128.0,1.7639249563217163e-06,43577245696.0,924844032.0,albert,15.0,11683584.0,11683584.0,3.0,38010880.0,,,,,,,,,,
,,,,4.0,0.0,8.0,87078469632.0,,,,,975175680.0,8.0,128.0,1.8447637557983398e-06,87154491392.0,975175680.0,albert,15.0,11683584.0,11683584.0,3.0,76021760.0,,,,,,,,,,
,,,,4.0,0.0,8.0,174156939264.0,,,,,1075838976.0,16.0,128.0,1.500546932220459e-06,174308982784.0,1075838976.0,albert,15.0,11683584.0,11683584.0,3.0,152043520.0,,,,,,,,,,
,,,,4.0,0.0,8.0,348313878528.0,,,,,1277165568.0,32.0,128.0,9.6149742603302e-07,348617965568.0,1277165568.0,albert,15.0,11683584.0,11683584.0,3.0,304087040.0,,,,,,,,,,
,,,,25.0,0.0,109.0,43487133696.0,,,,,1528823808.0,1.0,128.0,9.331852197647095e-07,43526455296.0,1528823808.0,longformer,159.0,148659456.0,148659456.0,25.0,39321600.0,,,,,,,,,,
,,,,25.0,0.0,109.0,86974267392.0,,,,,2105540608.0,2.0,128.0,9.160488843917849e-07,87052910592.0,2105540608.0,longformer,159.0,148659456.0,148659456.0,25.0,78643200.0,,,,,,,,,,
,,,,25.0,0.0,109.0,173948534784.0,,,,,2696937472.0,4.0,128.0,8.862465620040894e-07,174105821184.0,2696937472.0,longformer,159.0,148659456.0,148659456.0,25.0,157286400.0,,,,,,,,,,
,,,,25.0,0.0,109.0,347897069568.0,,,,,3055550464.0,8.0,128.0,9.24617052078247e-07,348211642368.0,3055550464.0,longformer,159.0,148659456.0,148659456.0,25.0,314572800.0,,,,,,,,,,
,,,,25.0,0.0,109.0,695794139136.0,,,,,4171235328.0,16.0,128.0,8.858740329742432e-07,696423284736.0,4171235328.0,longformer,159.0,148659456.0,148659456.0,25.0,629145600.0,,,,,,,,,,
,,,,25.0,0.0,109.0,1391588278272.0,,,,,6394216448.0,32.0,128.0,9.432435035705566e-07,1392846569472.0,6394216448.0,longformer,159.0,148659456.0,148659456.0,25.0,1258291200.0,,,,,,,,,,
,,,,49.0,0.0,361.0,2592079872.0,,,,,903872512.0,1.0,128.0,8.750706911087036e-07,2592079872.0,903872512.0,mobile_bert,410.0,24581888.0,24581888.0,,,,,,,,,,,,
,,,,49.0,0.0,361.0,5184159744.0,,,,,998244352.0,2.0,128.0,9.018927812576294e-07,5184159744.0,998244352.0,mobile_bert,410.0,24581888.0,24581888.0,,,,,,,,,,,,
,,,,49.0,0.0,361.0,10368319488.0,,,,,1010827264.0,4.0,128.0,9.279698133468628e-07,10368319488.0,1010827264.0,mobile_bert,410.0,24581888.0,24581888.0,,,,,,,,,,,,
,,,,49.0,0.0,361.0,20736638976.0,,,,,1101004800.0,8.0,128.0,8.847564458847046e-07,20736638976.0,1101004800.0,mobile_bert,410.0,24581888.0,24581888.0,,,,,,,,,,,,
,,,,49.0,0.0,361.0,41473277952.0,,,,,1115684864.0,16.0,128.0,8.840113878250122e-07,41473277952.0,1115684864.0,mobile_bert,410.0,24581888.0,24581888.0,,,,,,,,,,,,
,,,,49.0,0.0,361.0,82946555904.0,,,,,1220542464.0,32.0,128.0,8.780509233474731e-07,82946555904.0,1220542464.0,mobile_bert,410.0,24581888.0,24581888.0,,,,,,,,,,,,
,,,,37.0,0.0,1.0,589824.0,,,,,1312817152.0,1.0,128.0,9.275972843170166e-07,3405428736.0,1312817152.0,squeeze_bert,123.0,51094272.0,51094272.0,1.0,393216.0,,,,,,,12.0,7059456.0,72.0,3397386240.0
,,,,37.0,0.0,1.0,1179648.0,,,,,1530920960.0,2.0,128.0,1.4547258615493774e-06,6810857472.0,1530920960.0,squeeze_bert,123.0,51094272.0,51094272.0,1.0,786432.0,,,,,,,12.0,14118912.0,72.0,6794772480.0
,,,,37.0,0.0,1.0,2359296.0,,,,,1530920960.0,4.0,128.0,1.415237784385681e-06,13621714944.0,1530920960.0,squeeze_bert,123.0,51094272.0,51094272.0,1.0,1572864.0,,,,,,,12.0,28237824.0,72.0,13589544960.0
,,,,37.0,0.0,1.0,4718592.0,,,,,1530920960.0,8.0,128.0,1.485273241996765e-06,27243429888.0,1530920960.0,squeeze_bert,123.0,51094272.0,51094272.0,1.0,3145728.0,,,,,,,12.0,56475648.0,72.0,27179089920.0
,,,,37.0,0.0,1.0,9437184.0,,,,,1530920960.0,16.0,128.0,1.4647841453552246e-06,54486859776.0,1530920960.0,squeeze_bert,123.0,51094272.0,51094272.0,1.0,6291456.0,,,,,,,12.0,112951296.0,72.0,54358179840.0
,,,,37.0,0.0,1.0,18874368.0,,,,,1631584256.0,32.0,128.0,1.4282763004302978e-06,108973719552.0,1631584256.0,squeeze_bert,123.0,51094272.0,51094272.0,1.0,12582912.0,,,,,,,12.0,225902592.0,72.0,108716359680.0
