<class 'torch.nn.modules.conv.Conv2d'>_calls,<class 'torch.nn.modules.conv.Conv2d'>_macs,<class 'torch.nn.modules.dropout.Dropout'>_calls,<class 'torch.nn.modules.dropout.Dropout'>_macs,<class 'torch.nn.modules.linear.Linear'>_calls,<class 'torch.nn.modules.linear.Linear'>_macs,<class 'torch.nn.modules.normalization.LayerNorm'>_calls,<class 'torch.nn.modules.normalization.LayerNorm'>_macs,avg_memory,batch_size,input_size,latency,macs,max_memory,model,total_nn_calls,total_params,trainable_params,<class 'torch.nn.modules.batchnorm.BatchNorm2d'>_calls,<class 'torch.nn.modules.batchnorm.BatchNorm2d'>_macs,<class 'torch.nn.modules.pooling.AdaptiveAvgPool2d'>_calls,<class 'torch.nn.modules.pooling.AdaptiveAvgPool2d'>_macs,<class 'torch.nn.modules.activation.ReLU6'>_calls,<class 'torch.nn.modules.activation.ReLU6'>_macs,<class 'torch.nn.modules.activation.ReLU'>_calls,<class 'torch.nn.modules.activation.ReLU'>_macs,<class 'torch.nn.modules.pooling.MaxPool2d'>_calls,<class 'torch.nn.modules.pooling.MaxPool2d'>_macs,<class 'torch.nn.modules.pooling.AvgPool2d'>_calls,<class 'torch.nn.modules.pooling.AvgPool2d'>_macs,<class 'torch.nn.modules.activation.Softmax'>_calls,<class 'torch.nn.modules.activation.Softmax'>_macs,<class 'torch.nn.modules.conv.Conv1d'>_calls,<class 'torch.nn.modules.conv.Conv1d'>_macs
1.0,115605504.0,37.0,0.0,49.0,4247500800.0,25.0,3840000.0,2080374784.0,1.0,224.0,0.005043952725827694,4366946304.0,2080374784.0,vit32,112.0,88224232.0,0.0,,,,,,,,,,,,,,,,
1.0,231211008.0,37.0,0.0,49.0,8495001600.0,25.0,7680000.0,2478833664.0,2.0,224.0,0.005489721521735191,8733892608.0,2478833664.0,vit32,112.0,88224232.0,0.0,,,,,,,,,,,,,,,,
1.0,462422016.0,37.0,0.0,49.0,16990003200.0,25.0,15360000.0,2879389696.0,4.0,224.0,0.005443375930190087,17467785216.0,2879389696.0,vit32,112.0,88224232.0,0.0,,,,,,,,,,,,,,,,
1.0,924844032.0,37.0,0.0,49.0,33980006400.0,25.0,30720000.0,2879389696.0,8.0,224.0,0.006536321341991424,34935570432.0,2879389696.0,vit32,112.0,88224232.0,0.0,,,,,,,,,,,,,,,,
1.0,1849688064.0,37.0,0.0,49.0,67960012800.0,25.0,61440000.0,2921332736.0,16.0,224.0,0.010406563431024552,69871140864.0,2921332736.0,vit32,112.0,88224232.0,0.0,,,,,,,,,,,,,,,,
1.0,3699376128.0,37.0,0.0,49.0,135920025600.0,25.0,122880000.0,3361734656.0,32.0,224.0,0.019262313656508923,139742281728.0,3361734656.0,vit32,112.0,88224232.0,0.0,,,,,,,,,,,,,,,,
1.0,7398752256.0,37.0,0.0,49.0,271840051200.0,25.0,245760000.0,3512729600.0,64.0,224.0,0.03774126004427671,279484563456.0,3512729600.0,vit32,112.0,88224232.0,0.0,,,,,,,,,,,,,,,,
1.0,11098128384.0,37.0,0.0,49.0,407760076800.0,25.0,368640000.0,3739222016.0,96.0,224.0,0.0538436770439148,419226845184.0,3739222016.0,vit32,112.0,88224232.0,0.0,,,,,,,,,,,,,,,,
1.0,14797504512.0,37.0,0.0,49.0,543680102400.0,25.0,491520000.0,3976200192.0,128.0,224.0,0.0725300595164299,558969126912.0,3976200192.0,vit32,112.0,88224232.0,0.0,,,,,,,,,,,,,,,,
1.0,22196256768.0,37.0,0.0,49.0,815520153600.0,25.0,737280000.0,4422893568.0,192.0,224.0,0.10742411632090806,838453690368.0,4422893568.0,vit32,112.0,88224232.0,0.0,,,,,,,,,,,,,,,,
1.0,29595009024.0,37.0,0.0,49.0,1087360204800.0,25.0,983040000.0,4892655616.0,256.0,224.0,0.14315343406051398,1117938253824.0,4892655616.0,vit32,112.0,88224232.0,0.0,,,,,,,,,,,,,,,,
1.0,44392513536.0,37.0,0.0,49.0,1631040307200.0,25.0,1474560000.0,5777653760.0,384.0,224.0,0.21397466491907835,1676907380736.0,5777653760.0,vit32,112.0,88224232.0,0.0,,,,,,,,,,,,,,,,
1.0,59190018048.0,37.0,0.0,49.0,2174720409600.0,25.0,1966080000.0,6715080704.0,512.0,224.0,0.2838374104350805,2235876507648.0,6715080704.0,vit32,112.0,88224232.0,0.0,,,,,,,,,,,,,,,,
245.0,5360927200.0,,,,,,,1914699776.0,1.0,224.0,0.022601811215281487,5439190496.0,1914699776.0,efficientnet,403.0,54139356.0,0.0,157.0,78199296.0,1.0,64000.0,,,,,,,,,,,,
245.0,10721854400.0,,,,,,,2143289344.0,2.0,224.0,0.024523795396089555,10878380992.0,2143289344.0,efficientnet,403.0,54139356.0,0.0,157.0,156398592.0,1.0,128000.0,,,,,,,,,,,,
245.0,21443708800.0,,,,,,,2143289344.0,4.0,224.0,0.025301330350339414,21756761984.0,2143289344.0,efficientnet,403.0,54139356.0,0.0,157.0,312797184.0,1.0,256000.0,,,,,,,,,,,,
245.0,42887417600.0,,,,,,,2231369728.0,8.0,224.0,0.025564018078148364,43513523968.0,2231369728.0,efficientnet,403.0,54139356.0,0.0,157.0,625594368.0,1.0,512000.0,,,,,,,,,,,,
245.0,85774835200.0,,,,,,,2434793472.0,16.0,224.0,0.02725045531988144,87027047936.0,2434793472.0,efficientnet,403.0,54139356.0,0.0,157.0,1251188736.0,1.0,1024000.0,,,,,,,,,,,,
245.0,171549670400.0,,,,,,,2669674496.0,32.0,224.0,0.04435322675853968,174054095872.0,2669674496.0,efficientnet,403.0,54139356.0,0.0,157.0,2502377472.0,1.0,2048000.0,,,,,,,,,,,,
245.0,343099340800.0,,,,,,,3445620736.0,64.0,224.0,0.08393597155809403,348108191744.0,3445620736.0,efficientnet,403.0,54139356.0,0.0,157.0,5004754944.0,1.0,4096000.0,,,,,,,,,,,,
245.0,514649011200.0,,,,,,,4322230272.0,96.0,224.0,0.12075445652008054,522162287616.0,4322230272.0,efficientnet,403.0,54139356.0,0.0,157.0,7507132416.0,1.0,6144000.0,,,,,,,,,,,,
245.0,686198681600.0,,,,,,,5085593600.0,128.0,224.0,0.15844217371195554,696216383488.0,5085593600.0,efficientnet,403.0,54139356.0,0.0,157.0,10009509888.0,1.0,8192000.0,,,,,,,,,,,,
245.0,1029298022400.0,,,,,,,6188695552.0,192.0,224.0,0.23271789122372866,1044324575232.0,6188695552.0,efficientnet,403.0,54139356.0,0.0,157.0,15014264832.0,1.0,12288000.0,,,,,,,,,,,,
245.0,1372397363200.0,,,,,,,7579107328.0,256.0,224.0,0.30630566719919444,1392432766976.0,7579107328.0,efficientnet,403.0,54139356.0,0.0,157.0,20019019776.0,1.0,16384000.0,,,,,,,,,,,,
245.0,2058596044800.0,,,,,,,9663676416.0,384.0,224.0,0.4587631044909358,2088649150464.0,9663676416.0,efficientnet,403.0,54139356.0,0.0,157.0,30028529664.0,1.0,24576000.0,,,,,,,,,,,,
245.0,2744794726400.0,,,,,,,12442402816.0,512.0,224.0,0.6062754459679127,2784865533952.0,12442402816.0,efficientnet,403.0,54139356.0,0.0,157.0,40038039552.0,1.0,32768000.0,,,,,,,,,,,,
64.0,501187680.0,,,,,,,1736441856.0,1.0,224.0,0.005862385779619218,536192992.0,1736441856.0,efficientnet_lite,172.0,5416680.0,0.0,64.0,34941312.0,1.0,64000.0,43.0,0.0,,,,,,,,,,
64.0,1002375360.0,,,,,,,1746927616.0,2.0,224.0,0.006215804256498814,1072385984.0,1746927616.0,efficientnet_lite,172.0,5416680.0,0.0,64.0,69882624.0,1.0,128000.0,43.0,0.0,,,,,,,,,,
64.0,2004750720.0,,,,,,,1790967808.0,4.0,224.0,0.0062817839905619614,2144771968.0,1790967808.0,efficientnet_lite,172.0,5416680.0,0.0,64.0,139765248.0,1.0,256000.0,43.0,0.0,,,,,,,,,,
64.0,4009501440.0,,,,,,,1881145344.0,8.0,224.0,0.006687543727457525,4289543936.0,1881145344.0,efficientnet_lite,172.0,5416680.0,0.0,64.0,279530496.0,1.0,512000.0,43.0,0.0,,,,,,,,,,
64.0,8019002880.0,,,,,,,2067791872.0,16.0,224.0,0.0066180631518363954,8579087872.0,2067791872.0,efficientnet_lite,172.0,5416680.0,0.0,64.0,559060992.0,1.0,1024000.0,43.0,0.0,,,,,,,,,,
64.0,16038005760.0,,,,,,,2441084928.0,32.0,224.0,0.01220151912420988,17158175744.0,2441084928.0,efficientnet_lite,172.0,5416680.0,0.0,64.0,1118121984.0,1.0,2048000.0,43.0,0.0,,,,,,,,,,
64.0,32076011520.0,,,,,,,3162505216.0,64.0,224.0,0.023186011612415312,34316351488.0,3162505216.0,efficientnet_lite,172.0,5416680.0,0.0,64.0,2236243968.0,1.0,4096000.0,43.0,0.0,,,,,,,,,,
64.0,48114017280.0,,,,,,,4089446400.0,96.0,224.0,0.033643506281077866,51474527232.0,4089446400.0,efficientnet_lite,172.0,5416680.0,0.0,64.0,3354365952.0,1.0,6144000.0,43.0,0.0,,,,,,,,,,
64.0,64152023040.0,,,,,,,5322571776.0,128.0,224.0,0.044262059032917016,68632702976.0,5322571776.0,efficientnet_lite,172.0,5416680.0,0.0,64.0,4472487936.0,1.0,8192000.0,43.0,0.0,,,,,,,,,,
64.0,96228034560.0,,,,,,,7172259840.0,192.0,224.0,0.06642896160483361,102949054464.0,7172259840.0,efficientnet_lite,172.0,5416680.0,0.0,64.0,6708731904.0,1.0,12288000.0,43.0,0.0,,,,,,,,,,
64.0,128304046080.0,,,,,,,9638510592.0,256.0,224.0,0.08838932495564222,137265405952.0,9638510592.0,efficientnet_lite,172.0,5416680.0,0.0,64.0,8944975872.0,1.0,16384000.0,43.0,0.0,,,,,,,,,,
64.0,192456069120.0,,,,,,,13337886720.0,384.0,224.0,0.13125115782022476,205898108928.0,13337886720.0,efficientnet_lite,172.0,5416680.0,0.0,64.0,13417463808.0,1.0,24576000.0,43.0,0.0,,,,,,,,,,
64.0,256608092160.0,,,,,,,18270388224.0,512.0,224.0,0.1733499662950635,274530811904.0,18270388224.0,efficientnet_lite,172.0,5416680.0,0.0,64.0,17889951744.0,1.0,32768000.0,43.0,0.0,,,,,,,,,,
45.0,3001948544.0,,,,,,,1799356416.0,1.0,224.0,0.005483448877930642,3002076544.0,1799356416.0,gernet,87.0,21142920.0,0.0,,,1.0,128000.0,,,41.0,0.0,,,,,,,,
45.0,6003897088.0,,,,,,,1876951040.0,2.0,224.0,0.005911110527813434,6004153088.0,1876951040.0,gernet,87.0,21142920.0,0.0,,,1.0,256000.0,,,41.0,0.0,,,,,,,,
45.0,12007794176.0,,,,,,,1912602624.0,4.0,224.0,0.005646623112261296,12008306176.0,1912602624.0,gernet,87.0,21142920.0,0.0,,,1.0,512000.0,,,41.0,0.0,,,,,,,,
45.0,24015588352.0,,,,,,,1992294400.0,8.0,224.0,0.00604051798582077,24016612352.0,1992294400.0,gernet,87.0,21142920.0,0.0,,,1.0,1024000.0,,,41.0,0.0,,,,,,,,
45.0,48031176704.0,,,,,,,2166358016.0,16.0,224.0,0.008245648443698883,48033224704.0,2166358016.0,gernet,87.0,21142920.0,0.0,,,1.0,2048000.0,,,41.0,0.0,,,,,,,,
45.0,96062353408.0,,,,,,,2501902336.0,32.0,224.0,0.014006319642066957,96066449408.0,2501902336.0,gernet,87.0,21142920.0,0.0,,,1.0,4096000.0,,,41.0,0.0,,,,,,,,
45.0,192124706816.0,,,,,,,3288334336.0,64.0,224.0,0.02689301855862141,192132898816.0,3288334336.0,gernet,87.0,21142920.0,0.0,,,1.0,8192000.0,,,41.0,0.0,,,,,,,,
45.0,288187060224.0,,,,,,,4074766336.0,96.0,224.0,0.039165640622377394,288199348224.0,4074766336.0,gernet,87.0,21142920.0,0.0,,,1.0,12288000.0,,,41.0,0.0,,,,,,,,
45.0,384249413632.0,,,,,,,4863295488.0,128.0,224.0,0.04975892882794142,384265797632.0,4863295488.0,gernet,87.0,21142920.0,0.0,,,1.0,16384000.0,,,41.0,0.0,,,,,,,,
45.0,576374120448.0,,,,,,,5964300288.0,192.0,224.0,0.07211374007165433,576398696448.0,5964300288.0,gernet,87.0,21142920.0,0.0,,,1.0,24576000.0,,,41.0,0.0,,,,,,,,
45.0,768498827264.0,,,,,,,6788481024.0,256.0,224.0,0.09465423077344896,768531595264.0,6788481024.0,gernet,87.0,21142920.0,0.0,,,1.0,32768000.0,,,41.0,0.0,,,,,,,,
45.0,1152748240896.0,,,,,,,9443475456.0,384.0,224.0,0.1397206712514162,1152797392896.0,9443475456.0,gernet,87.0,21142920.0,0.0,,,1.0,49152000.0,,,41.0,0.0,,,,,,,,
45.0,1536997654528.0,,,,,,,12928942080.0,512.0,224.0,0.18515746463090185,1537063190528.0,12928942080.0,gernet,87.0,21142920.0,0.0,,,1.0,65536000.0,,,41.0,0.0,,,,,,,,
20.0,1813561344.0,,,1.0,512000.0,,,1761607680.0,1.0,224.0,0.002784231491386891,1824033792.0,1761607680.0,resnet18,52.0,11689512.0,0.0,20.0,9934848.0,1.0,25600.0,,,9.0,0.0,1.0,0.0,,,,,,
20.0,3627122688.0,,,1.0,1024000.0,,,1782579200.0,2.0,224.0,0.002836499363183975,3648067584.0,1782579200.0,resnet18,52.0,11689512.0,0.0,20.0,19869696.0,1.0,51200.0,,,9.0,0.0,1.0,0.0,,,,,,
20.0,7254245376.0,,,1.0,2048000.0,,,1797259264.0,4.0,224.0,0.002763043902814388,7296135168.0,1797259264.0,resnet18,52.0,11689512.0,0.0,20.0,39739392.0,1.0,102400.0,,,9.0,0.0,1.0,0.0,,,,,,
20.0,14508490752.0,,,1.0,4096000.0,,,1851785216.0,8.0,224.0,0.0028266604989767075,14592270336.0,1851785216.0,resnet18,52.0,11689512.0,0.0,20.0,79478784.0,1.0,204800.0,,,9.0,0.0,1.0,0.0,,,,,,
20.0,29016981504.0,,,1.0,8192000.0,,,1956642816.0,16.0,224.0,0.0044514125213027,29184540672.0,1956642816.0,resnet18,52.0,11689512.0,0.0,20.0,158957568.0,1.0,409600.0,,,9.0,0.0,1.0,0.0,,,,,,
20.0,58033963008.0,,,1.0,16384000.0,,,2162163712.0,32.0,224.0,0.007913369126617909,58369081344.0,2162163712.0,resnet18,52.0,11689512.0,0.0,20.0,317915136.0,1.0,819200.0,,,9.0,0.0,1.0,0.0,,,,,,
20.0,116067926016.0,,,1.0,32768000.0,,,2573205504.0,64.0,224.0,0.013794319704174995,116738162688.0,2573205504.0,resnet18,52.0,11689512.0,0.0,20.0,635830272.0,1.0,1638400.0,,,9.0,0.0,1.0,0.0,,,,,,
20.0,174101889024.0,,,1.0,49152000.0,,,3189768192.0,96.0,224.0,0.019539973884820937,175107244032.0,3189768192.0,resnet18,52.0,11689512.0,0.0,20.0,953745408.0,1.0,2457600.0,,,9.0,0.0,1.0,0.0,,,,,,
20.0,232135852032.0,,,1.0,65536000.0,,,4011851776.0,128.0,224.0,0.02605670616030693,233476325376.0,4011851776.0,resnet18,52.0,11689512.0,0.0,20.0,1271660544.0,1.0,3276800.0,,,9.0,0.0,1.0,0.0,,,,,,
20.0,348203778048.0,,,1.0,98304000.0,,,5244977152.0,192.0,224.0,0.03937528561800718,350214488064.0,5244977152.0,resnet18,52.0,11689512.0,0.0,20.0,1907490816.0,1.0,4915200.0,,,9.0,0.0,1.0,0.0,,,,,,
20.0,464271704064.0,,,1.0,131072000.0,,,6889144320.0,256.0,224.0,0.05165654644370079,466952650752.0,6889144320.0,resnet18,52.0,11689512.0,0.0,20.0,2543321088.0,1.0,6553600.0,,,9.0,0.0,1.0,0.0,,,,,,
20.0,696407556096.0,,,1.0,196608000.0,,,9355395072.0,384.0,224.0,0.0771326119080186,700428976128.0,9355395072.0,resnet18,52.0,11689512.0,0.0,20.0,3814981632.0,1.0,9830400.0,,,9.0,0.0,1.0,0.0,,,,,,
20.0,928543408128.0,,,1.0,262144000.0,,,12643729408.0,512.0,224.0,0.10350908152759077,933905301504.0,12643729408.0,resnet18,52.0,11689512.0,0.0,20.0,5086642176.0,1.0,13107200.0,,,9.0,0.0,1.0,0.0,,,,,,
5.0,655566528.0,2.0,0.0,3.0,58621952.0,,,1933574144.0,1.0,224.0,0.0007877992466092112,714206912.0,1933574144.0,alexnet,21.0,61100840.0,0.0,,,1.0,18432.0,,,7.0,0.0,3.0,0.0,,,,,,
5.0,1311133056.0,2.0,0.0,3.0,117243904.0,,,2189426688.0,2.0,224.0,0.0007819082587957383,1428413824.0,2189426688.0,alexnet,21.0,61100840.0,0.0,,,1.0,36864.0,,,7.0,0.0,3.0,0.0,,,,,,
5.0,2622266112.0,2.0,0.0,3.0,234487808.0,,,2426404864.0,4.0,224.0,0.0008206041529774666,2856827648.0,2426404864.0,alexnet,21.0,61100840.0,0.0,,,1.0,73728.0,,,7.0,0.0,3.0,0.0,,,,,,
5.0,5244532224.0,2.0,0.0,3.0,468975616.0,,,2447376384.0,8.0,224.0,0.0010140761733055117,5713655296.0,2447376384.0,alexnet,21.0,61100840.0,0.0,,,1.0,147456.0,,,7.0,0.0,3.0,0.0,,,,,,
5.0,10489064448.0,2.0,0.0,3.0,937951232.0,,,2447376384.0,16.0,224.0,0.001435777172446251,11427310592.0,2447376384.0,alexnet,21.0,61100840.0,0.0,,,1.0,294912.0,,,7.0,0.0,3.0,0.0,,,,,,
5.0,20978128896.0,2.0,0.0,3.0,1875902464.0,,,2447376384.0,32.0,224.0,0.002424047142267227,22854621184.0,2447376384.0,alexnet,21.0,61100840.0,0.0,,,1.0,589824.0,,,7.0,0.0,3.0,0.0,,,,,,
5.0,41956257792.0,2.0,0.0,3.0,3751804928.0,,,2447376384.0,64.0,224.0,0.004331721179187298,45709242368.0,2447376384.0,alexnet,21.0,61100840.0,0.0,,,1.0,1179648.0,,,7.0,0.0,3.0,0.0,,,,,,
5.0,62934386688.0,2.0,0.0,3.0,5627707392.0,,,2447376384.0,96.0,224.0,0.007560494728386402,68563863552.0,2447376384.0,alexnet,21.0,61100840.0,0.0,,,1.0,1769472.0,,,7.0,0.0,3.0,0.0,,,,,,
5.0,83912515584.0,2.0,0.0,3.0,7503609856.0,,,2644508672.0,128.0,224.0,0.007927264831960202,91418484736.0,2644508672.0,alexnet,21.0,61100840.0,0.0,,,1.0,2359296.0,,,7.0,0.0,3.0,0.0,,,,,,
5.0,125868773376.0,2.0,0.0,3.0,11255414784.0,,,2986344448.0,192.0,224.0,0.01173338368535042,137127727104.0,2986344448.0,alexnet,21.0,61100840.0,0.0,,,1.0,3538944.0,,,7.0,0.0,3.0,0.0,,,,,,
5.0,167825031168.0,2.0,0.0,3.0,15007219712.0,,,3326083072.0,256.0,224.0,0.014821150340139866,182836969472.0,3326083072.0,alexnet,21.0,61100840.0,0.0,,,1.0,4718592.0,,,7.0,0.0,3.0,0.0,,,,,,
5.0,251737546752.0,2.0,0.0,3.0,22510829568.0,,,3808428032.0,384.0,224.0,0.0214213402941823,274255454208.0,3808428032.0,alexnet,21.0,61100840.0,0.0,,,1.0,7077888.0,,,7.0,0.0,3.0,0.0,,,,,,
5.0,335650062336.0,2.0,0.0,3.0,30014439424.0,,,4433379328.0,512.0,224.0,0.028169525228440764,365673938944.0,4433379328.0,alexnet,21.0,61100840.0,0.0,,,1.0,9437184.0,,,7.0,0.0,3.0,0.0,,,,,,
26.0,818924576.0,1.0,0.0,,,,,1696595968.0,1.0,224.0,0.0024852920323610306,819094576.0,1696595968.0,squeezenet,57.0,1248424.0,0.0,,,1.0,170000.0,,,26.0,0.0,3.0,0.0,,,,,,
26.0,1637849152.0,1.0,0.0,,,,,1696595968.0,2.0,224.0,0.002602416463196277,1638189152.0,1696595968.0,squeezenet,57.0,1248424.0,0.0,,,1.0,340000.0,,,26.0,0.0,3.0,0.0,,,,,,
26.0,3275698304.0,1.0,0.0,,,,,1728053248.0,4.0,224.0,0.002717246860265732,3276378304.0,1728053248.0,squeezenet,57.0,1248424.0,0.0,,,1.0,680000.0,,,26.0,0.0,3.0,0.0,,,,,,
26.0,6551396608.0,1.0,0.0,,,,,1765801984.0,8.0,224.0,0.002719582803547382,6552756608.0,1765801984.0,squeezenet,57.0,1248424.0,0.0,,,1.0,1360000.0,,,26.0,0.0,3.0,0.0,,,,,,
26.0,13102793216.0,1.0,0.0,,,,,1887436800.0,16.0,224.0,0.004320527054369449,13105513216.0,1887436800.0,squeezenet,57.0,1248424.0,0.0,,,1.0,2720000.0,,,26.0,0.0,3.0,0.0,,,,,,
26.0,26205586432.0,1.0,0.0,,,,,2034237440.0,32.0,224.0,0.008068200387060642,26211026432.0,2034237440.0,squeezenet,57.0,1248424.0,0.0,,,1.0,5440000.0,,,26.0,0.0,3.0,0.0,,,,,,
26.0,52411172864.0,1.0,0.0,,,,,2642411520.0,64.0,224.0,0.015176005847752094,52422052864.0,2642411520.0,squeezenet,57.0,1248424.0,0.0,,,1.0,10880000.0,,,26.0,0.0,3.0,0.0,,,,,,
26.0,78616759296.0,1.0,0.0,,,,,3080716288.0,96.0,224.0,0.02251630499958992,78633079296.0,3080716288.0,squeezenet,57.0,1248424.0,0.0,,,1.0,16320000.0,,,26.0,0.0,3.0,0.0,,,,,,
26.0,104822345728.0,1.0,0.0,,,,,3665821696.0,128.0,224.0,0.029808106273412707,104844105728.0,3665821696.0,squeezenet,57.0,1248424.0,0.0,,,1.0,21760000.0,,,26.0,0.0,3.0,0.0,,,,,,
26.0,157233518592.0,1.0,0.0,,,,,4542431232.0,192.0,224.0,0.044510978460311885,157266158592.0,4542431232.0,squeezenet,57.0,1248424.0,0.0,,,1.0,32640000.0,,,26.0,0.0,3.0,0.0,,,,,,
26.0,209644691456.0,1.0,0.0,,,,,5710544896.0,256.0,224.0,0.05878160111606121,209688211456.0,5710544896.0,squeezenet,57.0,1248424.0,0.0,,,1.0,43520000.0,,,26.0,0.0,3.0,0.0,,,,,,
26.0,314467037184.0,1.0,0.0,,,,,7463763968.0,384.0,224.0,0.08786669876426459,314532317184.0,7463763968.0,squeezenet,57.0,1248424.0,0.0,,,1.0,65280000.0,,,26.0,0.0,3.0,0.0,,,,,,
26.0,419289382912.0,1.0,0.0,,,,,9799991296.0,512.0,224.0,0.11662285421043635,419376422912.0,9799991296.0,squeezenet,57.0,1248424.0,0.0,,,1.0,87040000.0,,,26.0,0.0,3.0,0.0,,,,,,
13.0,15346630656.0,2.0,0.0,3.0,123633664.0,,,2281701376.0,1.0,224.0,0.0027475345879793165,15470314496.0,2281701376.0,vgg16,39.0,138357544.0,0.0,,,1.0,50176.0,,,15.0,0.0,5.0,0.0,,,,,,
13.0,30693261312.0,2.0,0.0,3.0,247267328.0,,,2818572288.0,2.0,224.0,0.0042386682704091076,30940628992.0,2818572288.0,vgg16,39.0,138357544.0,0.0,,,1.0,100352.0,,,15.0,0.0,5.0,0.0,,,,,,
13.0,61386522624.0,2.0,0.0,3.0,494534656.0,,,2818572288.0,4.0,224.0,0.007325825281441213,61881257984.0,2818572288.0,vgg16,39.0,138357544.0,0.0,,,1.0,200704.0,,,15.0,0.0,5.0,0.0,,,,,,
13.0,122773045248.0,2.0,0.0,3.0,989069312.0,,,2820669440.0,8.0,224.0,0.011667701974511144,123762515968.0,2820669440.0,vgg16,39.0,138357544.0,0.0,,,1.0,401408.0,,,15.0,0.0,5.0,0.0,,,,,,
13.0,245546090496.0,2.0,0.0,3.0,1978138624.0,,,2820669440.0,16.0,224.0,0.02149575892835856,247525031936.0,2820669440.0,vgg16,39.0,138357544.0,0.0,,,1.0,802816.0,,,15.0,0.0,5.0,0.0,,,,,,
13.0,491092180992.0,2.0,0.0,3.0,3956277248.0,,,3439329280.0,32.0,224.0,0.041718154400587085,495050063872.0,3439329280.0,vgg16,39.0,138357544.0,0.0,,,1.0,1605632.0,,,15.0,0.0,5.0,0.0,,,,,,
13.0,982184361984.0,2.0,0.0,3.0,7912554496.0,,,6729760768.0,64.0,224.0,0.07662127986550331,990100127744.0,6729760768.0,vgg16,39.0,138357544.0,0.0,,,1.0,3211264.0,,,15.0,0.0,5.0,0.0,,,,,,
13.0,1473276542976.0,2.0,0.0,3.0,11868831744.0,,,10431234048.0,96.0,224.0,0.11597199570387602,1485150191616.0,10431234048.0,vgg16,39.0,138357544.0,0.0,,,1.0,4816896.0,,,15.0,0.0,5.0,0.0,,,,,,
13.0,1964368723968.0,2.0,0.0,3.0,15825108992.0,,,13721665536.0,128.0,224.0,0.15237316954880953,1980200255488.0,13721665536.0,vgg16,39.0,138357544.0,0.0,,,1.0,6422528.0,,,15.0,0.0,5.0,0.0,,,,,,
13.0,2946553085952.0,2.0,0.0,3.0,23737663488.0,,,18656264192.0,192.0,224.0,0.24858299829065802,2970300383232.0,18656264192.0,vgg16,39.0,138357544.0,0.0,,,1.0,9633792.0,,,15.0,0.0,5.0,0.0,,,,,,
13.0,3928737447936.0,2.0,0.0,3.0,31650217984.0,,,25235030016.0,256.0,224.0,0.3069275446236134,3960400510976.0,25235030016.0,vgg16,39.0,138357544.0,0.0,,,1.0,12845056.0,,,15.0,0.0,5.0,0.0,,,,,,
13.0,5893106171904.0,2.0,0.0,3.0,47475326976.0,,,24110956544.0,384.0,224.0,0.4580214064568281,5940600766464.0,24110956544.0,vgg16,39.0,138357544.0,0.0,,,1.0,19267584.0,,,15.0,0.0,5.0,0.0,,,,,,
13.0,7857474895872.0,2.0,0.0,3.0,63300435968.0,,,24110956544.0,512.0,224.0,0.5946708628907801,7920801021952.0,24110956544.0,vgg16,39.0,138357544.0,0.0,,,1.0,25690112.0,,,15.0,0.0,5.0,0.0,,,,,,
160.0,7725699072.0,,,1.0,2208000.0,,,1820327936.0,1.0,224.0,0.0227403549477458,7845841056.0,1820327936.0,densenet,486.0,28681000.0,0.0,161.0,117656448.0,,,,,160.0,0.0,1.0,0.0,3.0,277536.0,,,,
160.0,15451398144.0,,,1.0,4416000.0,,,1977614336.0,2.0,224.0,0.023318159952759744,15691682112.0,1977614336.0,densenet,486.0,28681000.0,0.0,161.0,235312896.0,,,,,160.0,0.0,1.0,0.0,3.0,555072.0,,,,
160.0,30902796288.0,,,1.0,8832000.0,,,2214592512.0,4.0,224.0,0.02517979871481657,31383364224.0,2214592512.0,densenet,486.0,28681000.0,0.0,161.0,470625792.0,,,,,160.0,0.0,1.0,0.0,3.0,1110144.0,,,,
160.0,61805592576.0,,,1.0,17664000.0,,,2470445056.0,8.0,224.0,0.024381734803318976,62766728448.0,2470445056.0,densenet,486.0,28681000.0,0.0,161.0,941251584.0,,,,,160.0,0.0,1.0,0.0,3.0,2220288.0,,,,
160.0,123611185152.0,,,1.0,35328000.0,,,2881486848.0,16.0,224.0,0.03300203680992127,125533456896.0,2881486848.0,densenet,486.0,28681000.0,0.0,161.0,1882503168.0,,,,,160.0,0.0,1.0,0.0,3.0,4440576.0,,,,
160.0,247222370304.0,,,1.0,70656000.0,,,3699376128.0,32.0,224.0,0.06140765305608512,251066913792.0,3699376128.0,densenet,486.0,28681000.0,0.0,161.0,3765006336.0,,,,,160.0,0.0,1.0,0.0,3.0,8881152.0,,,,
160.0,494444740608.0,,,1.0,141312000.0,,,5322571776.0,64.0,224.0,0.11243910156190397,502133827584.0,5322571776.0,densenet,486.0,28681000.0,0.0,161.0,7530012672.0,,,,,160.0,0.0,1.0,0.0,3.0,17762304.0,,,,
160.0,741667110912.0,,,1.0,211968000.0,,,7467958272.0,96.0,224.0,0.16176927071064712,753200741376.0,7467958272.0,densenet,486.0,28681000.0,0.0,161.0,11295019008.0,,,,,160.0,0.0,1.0,0.0,3.0,26643456.0,,,,
160.0,988889481216.0,,,1.0,282624000.0,,,9860808704.0,128.0,224.0,0.210680177807808,1004267655168.0,9860808704.0,densenet,486.0,28681000.0,0.0,161.0,15060025344.0,,,,,160.0,0.0,1.0,0.0,3.0,35524608.0,,,,
160.0,1483334221824.0,,,1.0,423936000.0,,,14141095936.0,192.0,224.0,0.3220087207853794,1506401482752.0,14141095936.0,densenet,486.0,28681000.0,0.0,161.0,22590038016.0,,,,,160.0,0.0,1.0,0.0,3.0,53286912.0,,,,
160.0,1977778962432.0,,,1.0,565248000.0,,,18922602496.0,256.0,224.0,0.4245222879573703,2008535310336.0,18922602496.0,densenet,486.0,28681000.0,0.0,161.0,30120050688.0,,,,,160.0,0.0,1.0,0.0,3.0,71049216.0,,,,
160.0,2966668443648.0,,,1.0,847872000.0,,,12450791424.0,384.0,224.0,0.6368123233318329,3012802965504.0,12450791424.0,densenet,486.0,28681000.0,0.0,161.0,45180076032.0,,,,,160.0,0.0,1.0,0.0,3.0,106573824.0,,,,
160.0,3955557924864.0,,,1.0,1130496000.0,,,22036873216.0,512.0,224.0,0.8485833007842303,4017070620672.0,22036873216.0,densenet,486.0,28681000.0,0.0,161.0,60240101376.0,,,,,160.0,0.0,1.0,0.0,3.0,142098432.0,,,,
96.0,2835873120.0,1.0,0.0,2.0,2048000.0,,,1832910848.0,1.0,224.0,0.012903736159205436,2856567712.0,1832910848.0,inception,198.0,27161264.0,0.0,96.0,18593344.0,1.0,53248.0,,,,,2.0,0.0,,,,,,
96.0,5671746240.0,1.0,0.0,2.0,4096000.0,,,1908408320.0,2.0,224.0,0.0127923047170043,5713135424.0,1908408320.0,inception,198.0,27161264.0,0.0,96.0,37186688.0,1.0,106496.0,,,,,2.0,0.0,,,,,,
96.0,11343492480.0,1.0,0.0,2.0,8192000.0,,,1956642816.0,4.0,224.0,0.012414080649614334,11426270848.0,1956642816.0,inception,198.0,27161264.0,0.0,96.0,74373376.0,1.0,212992.0,,,,,2.0,0.0,,,,,,
96.0,22686984960.0,1.0,0.0,2.0,16384000.0,,,1994391552.0,8.0,224.0,0.01330843474715948,22852541696.0,1994391552.0,inception,198.0,27161264.0,0.0,96.0,148746752.0,1.0,425984.0,,,,,2.0,0.0,,,,,,
96.0,45373969920.0,1.0,0.0,2.0,32768000.0,,,2143289344.0,16.0,224.0,0.012332478165626527,45705083392.0,2143289344.0,inception,198.0,27161264.0,0.0,96.0,297493504.0,1.0,851968.0,,,,,2.0,0.0,,,,,,
96.0,90747939840.0,1.0,0.0,2.0,65536000.0,,,2441084928.0,32.0,224.0,0.01666998565196991,91410166784.0,2441084928.0,inception,198.0,27161264.0,0.0,96.0,594987008.0,1.0,1703936.0,,,,,2.0,0.0,,,,,,
96.0,181495879680.0,1.0,0.0,2.0,131072000.0,,,2933915648.0,64.0,224.0,0.02907366044819355,182820333568.0,2933915648.0,inception,198.0,27161264.0,0.0,96.0,1189974016.0,1.0,3407872.0,,,,,2.0,0.0,,,,,,
96.0,272243819520.0,1.0,0.0,2.0,196608000.0,,,3521118208.0,96.0,224.0,0.0417393758893013,274230500352.0,3521118208.0,inception,198.0,27161264.0,0.0,96.0,1784961024.0,1.0,5111808.0,,,,,2.0,0.0,,,,,,
96.0,362991759360.0,1.0,0.0,2.0,262144000.0,,,4301258752.0,128.0,224.0,0.05553728640079498,365640667136.0,4301258752.0,inception,198.0,27161264.0,0.0,96.0,2379948032.0,1.0,6815744.0,,,,,2.0,0.0,,,,,,
96.0,544487639040.0,1.0,0.0,2.0,393216000.0,,,5471469568.0,192.0,224.0,0.08199370540678501,548461000704.0,5471469568.0,inception,198.0,27161264.0,0.0,96.0,3569922048.0,1.0,10223616.0,,,,,2.0,0.0,,,,,,
96.0,725983518720.0,1.0,0.0,2.0,524288000.0,,,7031750656.0,256.0,224.0,0.10795737709850073,731281334272.0,7031750656.0,inception,198.0,27161264.0,0.0,96.0,4759896064.0,1.0,13631488.0,,,,,2.0,0.0,,,,,,
96.0,1088975278080.0,1.0,0.0,2.0,786432000.0,,,9367977984.0,384.0,224.0,0.15884258635342122,1096922001408.0,9367977984.0,inception,198.0,27161264.0,0.0,96.0,7139844096.0,1.0,20447232.0,,,,,2.0,0.0,,,,,,
96.0,1451967037440.0,1.0,0.0,2.0,1048576000.0,,,12484345856.0,512.0,224.0,0.21225125081837176,1462562668544.0,12484345856.0,inception,198.0,27161264.0,0.0,96.0,9519792128.0,1.0,27262976.0,,,,,2.0,0.0,,,,,,
59.0,1497352192.0,3.0,0.0,5.0,1024000.0,,,1757413376.0,1.0,224.0,0.007313345745205879,1511332032.0,1757413376.0,googlenet,140.0,13004888.0,0.0,59.0,12904640.0,1.0,51200.0,,,,,13.0,0.0,,,,,,
59.0,2994704384.0,3.0,0.0,5.0,2048000.0,,,1786773504.0,2.0,224.0,0.007486036792397498,3022664064.0,1786773504.0,googlenet,140.0,13004888.0,0.0,59.0,25809280.0,1.0,102400.0,,,,,13.0,0.0,,,,,,
59.0,5989408768.0,3.0,0.0,5.0,4096000.0,,,1841299456.0,4.0,224.0,0.007453007064759732,6045328128.0,1841299456.0,googlenet,140.0,13004888.0,0.0,59.0,51618560.0,1.0,204800.0,,,,,13.0,0.0,,,,,,
59.0,11978817536.0,3.0,0.0,5.0,8192000.0,,,1904214016.0,8.0,224.0,0.007598265260457994,12090656256.0,1904214016.0,googlenet,140.0,13004888.0,0.0,59.0,103237120.0,1.0,409600.0,,,,,13.0,0.0,,,,,,
59.0,23957635072.0,3.0,0.0,5.0,16384000.0,,,2013265920.0,16.0,224.0,0.007615497335791588,24181312512.0,2013265920.0,googlenet,140.0,13004888.0,0.0,59.0,206474240.0,1.0,819200.0,,,,,13.0,0.0,,,,,,
59.0,47915270144.0,3.0,0.0,5.0,32768000.0,,,2227175424.0,32.0,224.0,0.009859385527670385,48362625024.0,2227175424.0,googlenet,140.0,13004888.0,0.0,59.0,412948480.0,1.0,1638400.0,,,,,13.0,0.0,,,,,,
59.0,95830540288.0,3.0,0.0,5.0,65536000.0,,,2640314368.0,64.0,224.0,0.017132886685431004,96725250048.0,2640314368.0,googlenet,140.0,13004888.0,0.0,59.0,825896960.0,1.0,3276800.0,,,,,13.0,0.0,,,,,,
59.0,143745810432.0,3.0,0.0,5.0,98304000.0,,,3256877056.0,96.0,224.0,0.0247335895895958,145087875072.0,3256877056.0,googlenet,140.0,13004888.0,0.0,59.0,1238845440.0,1.0,4915200.0,,,,,13.0,0.0,,,,,,
59.0,191661080576.0,3.0,0.0,5.0,131072000.0,,,4078960640.0,128.0,224.0,0.03190985918045044,193450500096.0,4078960640.0,googlenet,140.0,13004888.0,0.0,59.0,1651793920.0,1.0,6553600.0,,,,,13.0,0.0,,,,,,
59.0,287491620864.0,3.0,0.0,5.0,196608000.0,,,5312086016.0,192.0,224.0,0.04692637640982866,290175750144.0,5312086016.0,googlenet,140.0,13004888.0,0.0,59.0,2477690880.0,1.0,9830400.0,,,,,13.0,0.0,,,,,,
59.0,383322161152.0,3.0,0.0,5.0,262144000.0,,,6958350336.0,256.0,224.0,0.06156257409602404,386901000192.0,6958350336.0,googlenet,140.0,13004888.0,0.0,59.0,3303587840.0,1.0,13107200.0,,,,,13.0,0.0,,,,,,
59.0,574983241728.0,3.0,0.0,5.0,393216000.0,,,9424601088.0,384.0,224.0,0.09109843876212836,580351500288.0,9424601088.0,googlenet,140.0,13004888.0,0.0,59.0,4955381760.0,1.0,19660800.0,,,,,13.0,0.0,,,,,,
59.0,766644322304.0,3.0,0.0,5.0,524288000.0,,,12712935424.0,512.0,224.0,0.11749940309673547,773802000384.0,12712935424.0,googlenet,140.0,13004888.0,0.0,59.0,6607175680.0,1.0,26214400.0,,,,,13.0,0.0,,,,,,
56.0,143883992.0,,,1.0,1024000.0,,,1702887424.0,1.0,224.0,0.005562626756727696,152708792.0,1702887424.0,shufflenet,151.0,2278604.0,0.0,56.0,7800800.0,,,,,37.0,0.0,1.0,0.0,,,,,,
56.0,287767984.0,,,1.0,2048000.0,,,1707081728.0,2.0,224.0,0.005983024463057518,305417584.0,1707081728.0,shufflenet,151.0,2278604.0,0.0,56.0,15601600.0,,,,,37.0,0.0,1.0,0.0,,,,,,
56.0,575535968.0,,,1.0,4096000.0,,,1707081728.0,4.0,224.0,0.005945155769586564,610835168.0,1707081728.0,shufflenet,151.0,2278604.0,0.0,56.0,31203200.0,,,,,37.0,0.0,1.0,0.0,,,,,,
56.0,1151071936.0,,,1.0,8192000.0,,,1728053248.0,8.0,224.0,0.005982907488942146,1221670336.0,1728053248.0,shufflenet,151.0,2278604.0,0.0,56.0,62406400.0,,,,,37.0,0.0,1.0,0.0,,,,,,
56.0,2302143872.0,,,1.0,16384000.0,,,1749024768.0,16.0,224.0,0.006394753418862821,2443340672.0,1749024768.0,shufflenet,151.0,2278604.0,0.0,56.0,124812800.0,,,,,37.0,0.0,1.0,0.0,,,,,,
56.0,4604287744.0,,,1.0,32768000.0,,,1828716544.0,32.0,224.0,0.006608095206320286,4886681344.0,1828716544.0,shufflenet,151.0,2278604.0,0.0,56.0,249625600.0,,,,,37.0,0.0,1.0,0.0,,,,,,
56.0,9208575488.0,,,1.0,65536000.0,,,1983905792.0,64.0,224.0,0.006618747301399708,9773362688.0,1983905792.0,shufflenet,151.0,2278604.0,0.0,56.0,499251200.0,,,,,37.0,0.0,1.0,0.0,,,,,,
56.0,13812863232.0,,,1.0,98304000.0,,,2218786816.0,96.0,224.0,0.009196445159614087,14660044032.0,2218786816.0,shufflenet,151.0,2278604.0,0.0,56.0,748876800.0,,,,,37.0,0.0,1.0,0.0,,,,,,
56.0,18417150976.0,,,1.0,131072000.0,,,2529165312.0,128.0,224.0,0.012200886756181716,19546725376.0,2529165312.0,shufflenet,151.0,2278604.0,0.0,56.0,998502400.0,,,,,37.0,0.0,1.0,0.0,,,,,,
56.0,27625726464.0,,,1.0,196608000.0,,,2994733056.0,192.0,224.0,0.01823201291263104,29320088064.0,2994733056.0,shufflenet,151.0,2278604.0,0.0,56.0,1497753600.0,,,,,37.0,0.0,1.0,0.0,,,,,,
56.0,36834301952.0,,,1.0,262144000.0,,,3611295744.0,256.0,224.0,0.02391955815255642,39093450752.0,3611295744.0,shufflenet,151.0,2278604.0,0.0,56.0,1997004800.0,,,,,37.0,0.0,1.0,0.0,,,,,,
56.0,55251452928.0,,,1.0,393216000.0,,,4538236928.0,384.0,224.0,0.035544424504041675,58640176128.0,4538236928.0,shufflenet,151.0,2278604.0,0.0,56.0,2995507200.0,,,,,37.0,0.0,1.0,0.0,,,,,,
56.0,73668603904.0,,,1.0,524288000.0,,,5771362304.0,512.0,224.0,0.04681915491819381,78186901504.0,5771362304.0,shufflenet,151.0,2278604.0,0.0,56.0,3994009600.0,,,,,37.0,0.0,1.0,0.0,,,,,,
52.0,299494272.0,1.0,0.0,1.0,1280000.0,,,1707081728.0,1.0,224.0,0.004631672240793704,327486720.0,1707081728.0,mobilenet_v2,141.0,3504872.0,0.0,52.0,26712448.0,,,,,35.0,0.0,,,,,,,,
52.0,598988544.0,1.0,0.0,1.0,2560000.0,,,1730150400.0,2.0,224.0,0.005012181401252746,654973440.0,1730150400.0,mobilenet_v2,141.0,3504872.0,0.0,52.0,53424896.0,,,,,35.0,0.0,,,,,,,,
52.0,1197977088.0,1.0,0.0,1.0,5120000.0,,,1776287744.0,4.0,224.0,0.005056077986955643,1309946880.0,1776287744.0,mobilenet_v2,141.0,3504872.0,0.0,52.0,106849792.0,,,,,35.0,0.0,,,,,,,,
52.0,2395954176.0,1.0,0.0,1.0,10240000.0,,,1872756736.0,8.0,224.0,0.005211446434259415,2619893760.0,1872756736.0,mobilenet_v2,141.0,3504872.0,0.0,52.0,213699584.0,,,,,35.0,0.0,,,,,,,,
52.0,4791908352.0,1.0,0.0,1.0,20480000.0,,,2059403264.0,16.0,224.0,0.005505934916436672,5239787520.0,2059403264.0,mobilenet_v2,141.0,3504872.0,0.0,52.0,427399168.0,,,,,35.0,0.0,,,,,,,,
52.0,9583816704.0,1.0,0.0,1.0,40960000.0,,,2426404864.0,32.0,224.0,0.008420931920409203,10479575040.0,2426404864.0,mobilenet_v2,141.0,3504872.0,0.0,52.0,854798336.0,,,,,35.0,0.0,,,,,,,,
52.0,19167633408.0,1.0,0.0,1.0,81920000.0,,,3145728000.0,64.0,224.0,0.015279922075569632,20959150080.0,3145728000.0,mobilenet_v2,141.0,3504872.0,0.0,52.0,1709596672.0,,,,,35.0,0.0,,,,,,,,
52.0,28751450112.0,1.0,0.0,1.0,122880000.0,,,4072669184.0,96.0,224.0,0.022274467349052432,31438725120.0,4072669184.0,mobilenet_v2,141.0,3504872.0,0.0,52.0,2564395008.0,,,,,35.0,0.0,,,,,,,,
52.0,38335266816.0,1.0,0.0,1.0,163840000.0,,,5307891712.0,128.0,224.0,0.029228301718831062,41918300160.0,5307891712.0,mobilenet_v2,141.0,3504872.0,0.0,52.0,3419193344.0,,,,,35.0,0.0,,,,,,,,
52.0,57502900224.0,1.0,0.0,1.0,245760000.0,,,7157579776.0,192.0,224.0,0.04388136118650436,62877450240.0,7157579776.0,mobilenet_v2,141.0,3504872.0,0.0,52.0,5128790016.0,,,,,35.0,0.0,,,,,,,,
52.0,76670533632.0,1.0,0.0,1.0,327680000.0,,,9623830528.0,256.0,224.0,0.05814195740967989,83836600320.0,9623830528.0,mobilenet_v2,141.0,3504872.0,0.0,52.0,6838386688.0,,,,,35.0,0.0,,,,,,,,
52.0,115005800448.0,1.0,0.0,1.0,491520000.0,,,13323206656.0,384.0,224.0,0.08592342846095563,125754900480.0,13323206656.0,mobilenet_v2,141.0,3504872.0,0.0,52.0,10257580032.0,,,,,35.0,0.0,,,,,,,,
52.0,153341067264.0,1.0,0.0,1.0,655360000.0,,,18255708160.0,512.0,224.0,0.11376819219440222,167673200640.0,18255708160.0,mobilenet_v2,141.0,3504872.0,0.0,52.0,13676773376.0,,,,,35.0,0.0,,,,,,,,
53.0,4228431872.0,,,1.0,2048000.0,,,1814036480.0,1.0,224.0,0.006447201035916807,4288184320.0,1814036480.0,resnext50_32x4d,126.0,25028904.0,0.0,53.0,57602048.0,1.0,102400.0,,,17.0,0.0,1.0,0.0,,,,,,
53.0,8456863744.0,,,1.0,4096000.0,,,1927282688.0,2.0,224.0,0.007136540673673153,8576368640.0,1927282688.0,resnext50_32x4d,126.0,25028904.0,0.0,53.0,115204096.0,1.0,204800.0,,,17.0,0.0,1.0,0.0,,,,,,
53.0,16913727488.0,,,1.0,8192000.0,,,2011168768.0,4.0,224.0,0.007587762363255024,17152737280.0,2011168768.0,resnext50_32x4d,126.0,25028904.0,0.0,53.0,230408192.0,1.0,409600.0,,,17.0,0.0,1.0,0.0,,,,,,
53.0,33827454976.0,,,1.0,16384000.0,,,2095054848.0,8.0,224.0,0.008696710504591466,34305474560.0,2095054848.0,resnext50_32x4d,126.0,25028904.0,0.0,53.0,460816384.0,1.0,819200.0,,,17.0,0.0,1.0,0.0,,,,,,
53.0,67654909952.0,,,1.0,32768000.0,,,2313158656.0,16.0,224.0,0.01580119747668505,68610949120.0,2313158656.0,resnext50_32x4d,126.0,25028904.0,0.0,53.0,921632768.0,1.0,1638400.0,,,17.0,0.0,1.0,0.0,,,,,,
53.0,135309819904.0,,,1.0,65536000.0,,,2726297600.0,32.0,224.0,0.028387035988271237,137221898240.0,2726297600.0,resnext50_32x4d,126.0,25028904.0,0.0,53.0,1843265536.0,1.0,3276800.0,,,17.0,0.0,1.0,0.0,,,,,,
53.0,270619639808.0,,,1.0,131072000.0,,,3552575488.0,64.0,224.0,0.05221934132277965,274443796480.0,3552575488.0,resnext50_32x4d,126.0,25028904.0,0.0,53.0,3686531072.0,1.0,6553600.0,,,17.0,0.0,1.0,0.0,,,,,,
53.0,405929459712.0,,,1.0,196608000.0,,,4796186624.0,96.0,224.0,0.07803747188299895,411665694720.0,4796186624.0,resnext50_32x4d,126.0,25028904.0,0.0,53.0,5529796608.0,1.0,9830400.0,,,17.0,0.0,1.0,0.0,,,,,,
53.0,541239279616.0,,,1.0,262144000.0,,,6442450944.0,128.0,224.0,0.10069075915962457,548887592960.0,6442450944.0,resnext50_32x4d,126.0,25028904.0,0.0,53.0,7373062144.0,1.0,13107200.0,,,17.0,0.0,1.0,0.0,,,,,,
53.0,811858919424.0,,,1.0,393216000.0,,,8910798848.0,192.0,224.0,0.15361398197710513,823331389440.0,8910798848.0,resnext50_32x4d,126.0,25028904.0,0.0,53.0,11059593216.0,1.0,19660800.0,,,17.0,0.0,1.0,0.0,,,,,,
53.0,1082478559232.0,,,1.0,524288000.0,,,12201230336.0,256.0,224.0,0.20392009913921355,1097775185920.0,12201230336.0,resnext50_32x4d,126.0,25028904.0,0.0,53.0,14746124288.0,1.0,26214400.0,,,17.0,0.0,1.0,0.0,,,,,,
53.0,1623717838848.0,,,1.0,786432000.0,,,17135828992.0,384.0,224.0,0.3094130443409085,1646662778880.0,17135828992.0,resnext50_32x4d,126.0,25028904.0,0.0,53.0,22119186432.0,1.0,39321600.0,,,17.0,0.0,1.0,0.0,,,,,,
53.0,2164957118464.0,,,1.0,1048576000.0,,,23714594816.0,512.0,224.0,0.4158920018002391,2195550371840.0,23714594816.0,resnext50_32x4d,126.0,25028904.0,0.0,53.0,29492248576.0,1.0,52428800.0,,,17.0,0.0,1.0,0.0,,,,,,
53.0,11395973120.0,,,1.0,2048000.0,,,2044723200.0,1.0,224.0,0.006335535831749439,11455725568.0,2044723200.0,wide_resnet50_2,126.0,68883240.0,0.0,53.0,57602048.0,1.0,102400.0,,,17.0,0.0,1.0,0.0,,,,,,
53.0,22791946240.0,,,1.0,4096000.0,,,2334130176.0,2.0,224.0,0.006976940669119358,22911451136.0,2334130176.0,wide_resnet50_2,126.0,68883240.0,0.0,53.0,115204096.0,1.0,204800.0,,,17.0,0.0,1.0,0.0,,,,,,
53.0,45583892480.0,,,1.0,8192000.0,,,2617245696.0,4.0,224.0,0.0071759287267923345,45822902272.0,2617245696.0,wide_resnet50_2,126.0,68883240.0,0.0,53.0,230408192.0,1.0,409600.0,,,17.0,0.0,1.0,0.0,,,,,,
53.0,91167784960.0,,,1.0,16384000.0,,,2753560576.0,8.0,224.0,0.011443422175943851,91645804544.0,2753560576.0,wide_resnet50_2,126.0,68883240.0,0.0,53.0,460816384.0,1.0,819200.0,,,17.0,0.0,1.0,0.0,,,,,,
53.0,182335569920.0,,,1.0,32768000.0,,,3168796672.0,16.0,224.0,0.020848455652594567,183291609088.0,3168796672.0,wide_resnet50_2,126.0,68883240.0,0.0,53.0,921632768.0,1.0,1638400.0,,,17.0,0.0,1.0,0.0,,,,,,
53.0,364671139840.0,,,1.0,65536000.0,,,3814719488.0,32.0,224.0,0.0392121160402894,366583218176.0,3814719488.0,wide_resnet50_2,126.0,68883240.0,0.0,53.0,1843265536.0,1.0,3276800.0,,,17.0,0.0,1.0,0.0,,,,,,
53.0,729342279680.0,,,1.0,131072000.0,,,4848615424.0,64.0,224.0,0.07316447235643864,733166436352.0,4848615424.0,wide_resnet50_2,126.0,68883240.0,0.0,53.0,3686531072.0,1.0,6553600.0,,,17.0,0.0,1.0,0.0,,,,,,
53.0,1094013419520.0,,,1.0,196608000.0,,,6404702208.0,96.0,224.0,0.11013981178402901,1099749654528.0,6404702208.0,wide_resnet50_2,126.0,68883240.0,0.0,53.0,5529796608.0,1.0,9830400.0,,,17.0,0.0,1.0,0.0,,,,,,
53.0,1458684559360.0,,,1.0,262144000.0,,,8466202624.0,128.0,224.0,0.14300056863576174,1466332872704.0,8466202624.0,wide_resnet50_2,126.0,68883240.0,0.0,53.0,7373062144.0,1.0,13107200.0,,,17.0,0.0,1.0,0.0,,,,,,
53.0,2188026839040.0,,,1.0,393216000.0,,,11555307520.0,192.0,224.0,0.21755235604941844,2199499309056.0,11555307520.0,wide_resnet50_2,126.0,68883240.0,0.0,53.0,11059593216.0,1.0,19660800.0,,,17.0,0.0,1.0,0.0,,,,,,
53.0,2917369118720.0,,,1.0,524288000.0,,,15672016896.0,256.0,224.0,0.288864410854876,2932665745408.0,15672016896.0,wide_resnet50_2,126.0,68883240.0,0.0,53.0,14746124288.0,1.0,26214400.0,,,17.0,0.0,1.0,0.0,,,,,,
53.0,4376053678080.0,,,1.0,786432000.0,,,21843935232.0,384.0,224.0,0.4352512925863266,4398998618112.0,21843935232.0,wide_resnet50_2,126.0,68883240.0,0.0,53.0,22119186432.0,1.0,39321600.0,,,17.0,0.0,1.0,0.0,,,,,,
53.0,5834738237440.0,,,1.0,1048576000.0,,,11895046144.0,512.0,224.0,0.5857941752299667,5865331490816.0,11895046144.0,wide_resnet50_2,126.0,68883240.0,0.0,53.0,29492248576.0,1.0,52428800.0,,,17.0,0.0,1.0,0.0,,,,,,
52.0,313135872.0,1.0,0.0,1.0,1280000.0,,,1711276032.0,1.0,224.0,0.004653550498187542,336242432.0,1711276032.0,mnasnet,141.0,4383312.0,0.0,52.0,21826560.0,,,,,35.0,0.0,,,,,,,,
52.0,626271744.0,1.0,0.0,1.0,2560000.0,,,1740636160.0,2.0,224.0,0.004913904145359993,672484864.0,1740636160.0,mnasnet,141.0,4383312.0,0.0,52.0,43653120.0,,,,,35.0,0.0,,,,,,,,
52.0,1252543488.0,1.0,0.0,1.0,5120000.0,,,1740636160.0,4.0,224.0,0.004955531097948551,1344969728.0,1740636160.0,mnasnet,141.0,4383312.0,0.0,52.0,87306240.0,,,,,35.0,0.0,,,,,,,,
52.0,2505086976.0,1.0,0.0,1.0,10240000.0,,,1797259264.0,8.0,224.0,0.005158999189734459,2689939456.0,1797259264.0,mnasnet,141.0,4383312.0,0.0,52.0,174612480.0,,,,,35.0,0.0,,,,,,,,
52.0,5010173952.0,1.0,0.0,1.0,20480000.0,,,1941962752.0,16.0,224.0,0.005309908092021943,5379878912.0,1941962752.0,mnasnet,141.0,4383312.0,0.0,52.0,349224960.0,,,,,35.0,0.0,,,,,,,,
52.0,10020347904.0,1.0,0.0,1.0,40960000.0,,,2202009600.0,32.0,224.0,0.007973951660096646,10759757824.0,2202009600.0,mnasnet,141.0,4383312.0,0.0,52.0,698449920.0,,,,,35.0,0.0,,,,,,,,
52.0,20040695808.0,1.0,0.0,1.0,81920000.0,,,2717908992.0,64.0,224.0,0.01455419845879078,21519515648.0,2717908992.0,mnasnet,141.0,4383312.0,0.0,52.0,1396899840.0,,,,,35.0,0.0,,,,,,,,
52.0,30061043712.0,1.0,0.0,1.0,122880000.0,,,3183476736.0,96.0,224.0,0.02131619248539209,32279273472.0,3183476736.0,mnasnet,141.0,4383312.0,0.0,52.0,2095349760.0,,,,,35.0,0.0,,,,,,,,
52.0,40081391616.0,1.0,0.0,1.0,163840000.0,,,3800039424.0,128.0,224.0,0.02805062532424927,43039031296.0,3800039424.0,mnasnet,141.0,4383312.0,0.0,52.0,2793799680.0,,,,,35.0,0.0,,,,,,,,
52.0,60122087424.0,1.0,0.0,1.0,245760000.0,,,4726980608.0,192.0,224.0,0.041901588439941406,64558546944.0,4726980608.0,mnasnet,141.0,4383312.0,0.0,52.0,4190699520.0,,,,,35.0,0.0,,,,,,,,
52.0,80162783232.0,1.0,0.0,1.0,327680000.0,,,5960105984.0,256.0,224.0,0.05546259488910437,86078062592.0,5960105984.0,mnasnet,141.0,4383312.0,0.0,52.0,5587599360.0,,,,,35.0,0.0,,,,,,,,
52.0,120244174848.0,1.0,0.0,1.0,491520000.0,,,7809794048.0,384.0,224.0,0.08300027567893267,129117093888.0,7809794048.0,mnasnet,141.0,4383312.0,0.0,52.0,8381399040.0,,,,,35.0,0.0,,,,,,,,
52.0,160325566464.0,1.0,0.0,1.0,655360000.0,,,10282336256.0,512.0,224.0,0.1097541805356741,172156125184.0,10282336256.0,mnasnet,141.0,4383312.0,0.0,52.0,11175198720.0,,,,,35.0,0.0,,,,,,,,
,,37.0,0.0,73.0,10872225792.0,25.0,9830400.0,1551892480.0,1.0,128.0,0.0077293191105127345,10882056192.0,1551892480.0,bert,135.0,109482240.0,0.0,,,,,,,,,,,,,,,,
,,37.0,0.0,73.0,21744451584.0,25.0,19660800.0,2025848832.0,2.0,128.0,0.007953757978975774,21764112384.0,2025848832.0,bert,135.0,109482240.0,0.0,,,,,,,,,,,,,,,,
,,37.0,0.0,73.0,43488903168.0,25.0,39321600.0,2403336192.0,4.0,128.0,0.008076177351176739,43528224768.0,2403336192.0,bert,135.0,109482240.0,0.0,,,,,,,,,,,,,,,,
,,37.0,0.0,73.0,86977806336.0,25.0,78643200.0,2403336192.0,8.0,128.0,0.01342678926885128,87056449536.0,2403336192.0,bert,135.0,109482240.0,0.0,,,,,,,,,,,,,,,,
,,37.0,0.0,73.0,173955612672.0,25.0,157286400.0,2403336192.0,16.0,128.0,0.0261498199775815,174112899072.0,2403336192.0,bert,135.0,109482240.0,0.0,,,,,,,,,,,,,,,,
,,37.0,0.0,73.0,347911225344.0,25.0,314572800.0,2453667840.0,32.0,128.0,0.0481305418536067,348225798144.0,2453667840.0,bert,135.0,109482240.0,0.0,,,,,,,,,,,,,,,,
,,37.0,0.0,73.0,695822450688.0,25.0,629145600.0,2780823552.0,64.0,128.0,0.09504217207431792,696451596288.0,2780823552.0,bert,135.0,109482240.0,0.0,,,,,,,,,,,,,,,,
,,37.0,0.0,73.0,1043733676032.0,25.0,943718400.0,3120562176.0,96.0,128.0,0.1413232631981373,1044677394432.0,3120562176.0,bert,135.0,109482240.0,0.0,,,,,,,,,,,,,,,,
,,37.0,0.0,73.0,1391644901376.0,25.0,1258291200.0,3523215360.0,128.0,128.0,0.1871852573007345,1392903192576.0,3523215360.0,bert,135.0,109482240.0,0.0,,,,,,,,,,,,,,,,
,,37.0,0.0,73.0,2087467352064.0,25.0,1887436800.0,4127195136.0,192.0,128.0,0.28068999722599985,2089354788864.0,4127195136.0,bert,135.0,109482240.0,0.0,,,,,,,,,,,,,,,,
,,37.0,0.0,73.0,2783289802752.0,25.0,2516582400.0,4932501504.0,256.0,128.0,0.3694291099905968,2785806385152.0,4932501504.0,bert,135.0,109482240.0,0.0,,,,,,,,,,,,,,,,
,,37.0,0.0,73.0,4174934704128.0,25.0,3774873600.0,6140461056.0,384.0,128.0,0.5610471032559872,4178709577728.0,6140461056.0,bert,135.0,109482240.0,0.0,,,,,,,,,,,,,,,,
,,37.0,0.0,73.0,5566579605504.0,25.0,5033164800.0,7751073792.0,512.0,128.0,0.7698407024145126,5571612770304.0,7751073792.0,bert,135.0,109482240.0,0.0,,,,,,,,,,,,,,,,
,,13.0,0.0,36.0,5435817984.0,13.0,5111808.0,1342177280.0,1.0,128.0,0.003840703144669533,5440929792.0,1342177280.0,distilbert,62.0,66362880.0,0.0,,,,,,,,,,,,,,,,
,,13.0,0.0,36.0,10871635968.0,13.0,10223616.0,1627389952.0,2.0,128.0,0.003910413570702076,10881859584.0,1627389952.0,distilbert,62.0,66362880.0,0.0,,,,,,,,,,,,,,,,
,,13.0,0.0,36.0,21743271936.0,13.0,20447232.0,1627389952.0,4.0,128.0,0.003996926173567772,21763719168.0,1627389952.0,distilbert,62.0,66362880.0,0.0,,,,,,,,,,,,,,,,
,,13.0,0.0,36.0,43486543872.0,13.0,40894464.0,1627389952.0,8.0,128.0,0.0066631151363253606,43527438336.0,1627389952.0,distilbert,62.0,66362880.0,0.0,,,,,,,,,,,,,,,,
,,13.0,0.0,36.0,86973087744.0,13.0,81788928.0,1627389952.0,16.0,128.0,0.013236286863684657,87054876672.0,1627389952.0,distilbert,62.0,66362880.0,0.0,,,,,,,,,,,,,,,,
,,13.0,0.0,36.0,173946175488.0,13.0,163577856.0,1677721600.0,32.0,128.0,0.024203949607908733,174109753344.0,1677721600.0,distilbert,62.0,66362880.0,0.0,,,,,,,,,,,,,,,,
,,13.0,0.0,36.0,347892350976.0,13.0,327155712.0,2004877312.0,64.0,128.0,0.0465677123516798,348219506688.0,2004877312.0,distilbert,62.0,66362880.0,0.0,,,,,,,,,,,,,,,,
,,13.0,0.0,36.0,521838526464.0,13.0,490733568.0,2344615936.0,96.0,128.0,0.06984110064804554,522329260032.0,2344615936.0,distilbert,62.0,66362880.0,0.0,,,,,,,,,,,,,,,,
,,13.0,0.0,36.0,695784701952.0,13.0,654311424.0,2747269120.0,128.0,128.0,0.09304646290838718,696439013376.0,2747269120.0,distilbert,62.0,66362880.0,0.0,,,,,,,,,,,,,,,,
,,13.0,0.0,36.0,1043677052928.0,13.0,981467136.0,3351248896.0,192.0,128.0,0.13946614898741244,1044658520064.0,3351248896.0,distilbert,62.0,66362880.0,0.0,,,,,,,,,,,,,,,,
,,13.0,0.0,36.0,1391569403904.0,13.0,1308622848.0,4156555264.0,256.0,128.0,0.18445530124008647,1392878026752.0,4156555264.0,distilbert,62.0,66362880.0,0.0,,,,,,,,,,,,,,,,
,,13.0,0.0,36.0,2087354105856.0,13.0,1962934272.0,5364514816.0,384.0,128.0,0.2777928218245506,2089317040128.0,5364514816.0,distilbert,62.0,66362880.0,0.0,,,,,,,,,,,,,,,,
,,13.0,0.0,36.0,2783138807808.0,13.0,2617245696.0,6975127552.0,512.0,128.0,0.3814325392246246,2785756053504.0,6975127552.0,distilbert,62.0,66362880.0,0.0,,,,,,,,,,,,,,,,
,,61.0,0.0,84.0,8266973184.0,29.0,7471104.0,1646264320.0,1.0,128.0,0.017969542741775514,8274444288.0,1646264320.0,funnel_transformer,174.0,130973184.0,0.0,,,,,,,,,,,,,,,,
,,61.0,0.0,84.0,16533946368.0,29.0,14942208.0,2229272576.0,2.0,128.0,0.01867759395390749,16548888576.0,2229272576.0,funnel_transformer,174.0,130973184.0,0.0,,,,,,,,,,,,,,,,
,,61.0,0.0,84.0,33067892736.0,29.0,29884416.0,2229272576.0,4.0,128.0,0.01873591262847185,33097777152.0,2229272576.0,funnel_transformer,174.0,130973184.0,0.0,,,,,,,,,,,,,,,,
,,61.0,0.0,84.0,66135785472.0,29.0,59768832.0,2229272576.0,8.0,128.0,0.019537020474672318,66195554304.0,2229272576.0,funnel_transformer,174.0,130973184.0,0.0,,,,,,,,,,,,,,,,
,,61.0,0.0,84.0,132271570944.0,29.0,119537664.0,2254438400.0,16.0,128.0,0.029444136656820774,132391108608.0,2254438400.0,funnel_transformer,174.0,130973184.0,0.0,,,,,,,,,,,,,,,,
,,61.0,0.0,84.0,264543141888.0,29.0,239075328.0,2455764992.0,32.0,128.0,0.053374373354017735,264782217216.0,2455764992.0,funnel_transformer,174.0,130973184.0,0.0,,,,,,,,,,,,,,,,
,,61.0,0.0,84.0,529086283776.0,29.0,478150656.0,3160408064.0,64.0,128.0,0.10043214913457632,529564434432.0,3160408064.0,funnel_transformer,174.0,130973184.0,0.0,,,,,,,,,,,,,,,,
,,61.0,0.0,84.0,793629425664.0,29.0,717225984.0,3915382784.0,96.0,128.0,0.14758855774998664,794346651648.0,3915382784.0,funnel_transformer,174.0,130973184.0,0.0,,,,,,,,,,,,,,,,
,,61.0,0.0,84.0,1058172567552.0,29.0,956301312.0,4720689152.0,128.0,128.0,0.1933364581316709,1059128868864.0,4720689152.0,funnel_transformer,174.0,130973184.0,0.0,,,,,,,,,,,,,,,,
,,61.0,0.0,84.0,1587258851328.0,29.0,1434451968.0,5928648704.0,192.0,128.0,0.2874675687402487,1588693303296.0,5928648704.0,funnel_transformer,174.0,130973184.0,0.0,,,,,,,,,,,,,,,,
,,61.0,0.0,84.0,2116345135104.0,29.0,1912602624.0,7539261440.0,256.0,128.0,0.3790877999737859,2118257737728.0,7539261440.0,funnel_transformer,174.0,130973184.0,0.0,,,,,,,,,,,,,,,,
,,61.0,0.0,84.0,3174517702656.0,29.0,2868903936.0,9955180544.0,384.0,128.0,0.568783420138061,3177386606592.0,9955180544.0,funnel_transformer,174.0,130973184.0,0.0,,,,,,,,,,,,,,,,
,,61.0,0.0,84.0,4232690270208.0,29.0,3825205248.0,13176406016.0,512.0,128.0,0.7658057246357203,4236515475456.0,13176406016.0,funnel_transformer,174.0,130973184.0,0.0,,,,,,,,,,,,,,,,
,,4.0,0.0,8.0,10884808704.0,3.0,9502720.0,1119879168.0,1.0,128.0,0.008487098105251787,10894311424.0,1119879168.0,albert,15.0,11683584.0,0.0,,,,,,,,,,,,,,,,
,,4.0,0.0,8.0,21769617408.0,3.0,19005440.0,1180696576.0,2.0,128.0,0.008929103985428809,21788622848.0,1180696576.0,albert,15.0,11683584.0,0.0,,,,,,,,,,,,,,,,
,,4.0,0.0,8.0,43539234816.0,3.0,38010880.0,1180696576.0,4.0,128.0,0.009099378064274787,43577245696.0,1180696576.0,albert,15.0,11683584.0,0.0,,,,,,,,,,,,,,,,
,,4.0,0.0,8.0,87078469632.0,3.0,76021760.0,1231028224.0,8.0,128.0,0.016468273662030696,87154491392.0,1231028224.0,albert,15.0,11683584.0,0.0,,,,,,,,,,,,,,,,
,,4.0,0.0,8.0,174156939264.0,3.0,152043520.0,1331691520.0,16.0,128.0,0.031466740742325784,174308982784.0,1331691520.0,albert,15.0,11683584.0,0.0,,,,,,,,,,,,,,,,
,,4.0,0.0,8.0,348313878528.0,3.0,304087040.0,1533018112.0,32.0,128.0,0.05856610201299192,348617965568.0,1533018112.0,albert,15.0,11683584.0,0.0,,,,,,,,,,,,,,,,
,,4.0,0.0,8.0,696627757056.0,3.0,608174080.0,1935671296.0,64.0,128.0,0.115341554582119,697235931136.0,1935671296.0,albert,15.0,11683584.0,0.0,,,,,,,,,,,,,,,,
,,4.0,0.0,8.0,1044941635584.0,3.0,912261120.0,2539651072.0,96.0,128.0,0.171564525924623,1045853896704.0,2539651072.0,albert,15.0,11683584.0,0.0,,,,,,,,,,,,,,,,
,,4.0,0.0,8.0,1393255514112.0,3.0,1216348160.0,3344957440.0,128.0,128.0,0.22676653321832416,1394471862272.0,3344957440.0,albert,15.0,11683584.0,0.0,,,,,,,,,,,,,,,,
,,4.0,0.0,8.0,2089883271168.0,3.0,1824522240.0,4552916992.0,192.0,128.0,0.3396506058052182,2091707793408.0,4552916992.0,albert,15.0,11683584.0,0.0,,,,,,,,,,,,,,,,
,,4.0,0.0,8.0,2786511028224.0,3.0,2432696320.0,6163529728.0,256.0,128.0,0.44914371613413095,2788943724544.0,6163529728.0,albert,15.0,11683584.0,0.0,,,,,,,,,,,,,,,,
,,4.0,0.0,8.0,4179766542336.0,3.0,3649044480.0,8579448832.0,384.0,128.0,0.6757827708497643,4183415586816.0,8579448832.0,albert,15.0,11683584.0,0.0,,,,,,,,,,,,,,,,
,,4.0,0.0,8.0,5573022056448.0,3.0,4865392640.0,11800674304.0,512.0,128.0,0.9239325096830726,5577887449088.0,11800674304.0,albert,15.0,11683584.0,0.0,,,,,,,,,,,,,,,,
,,25.0,0.0,109.0,43487133696.0,25.0,39321600.0,1784676352.0,1.0,128.0,0.01840308811515569,43526455296.0,1784676352.0,longformer,159.0,148659456.0,0.0,,,,,,,,,,,,,,,,
,,25.0,0.0,109.0,86974267392.0,25.0,78643200.0,2361393152.0,2.0,128.0,0.02511574700474739,87052910592.0,2361393152.0,longformer,159.0,148659456.0,0.0,,,,,,,,,,,,,,,,
,,25.0,0.0,109.0,173948534784.0,25.0,157286400.0,2491416576.0,4.0,128.0,0.04591526836156845,174105821184.0,2491416576.0,longformer,159.0,148659456.0,0.0,,,,,,,,,,,,,,,,
,,25.0,0.0,109.0,347897069568.0,25.0,314572800.0,3164602368.0,8.0,128.0,0.0855253143236041,348211642368.0,3164602368.0,longformer,159.0,148659456.0,0.0,,,,,,,,,,,,,,,,
,,25.0,0.0,109.0,695794139136.0,25.0,629145600.0,4280287232.0,16.0,128.0,0.16896407660096885,696423284736.0,4280287232.0,longformer,159.0,148659456.0,0.0,,,,,,,,,,,,,,,,
,,25.0,0.0,109.0,1391588278272.0,25.0,1258291200.0,6503268352.0,32.0,128.0,0.3328144377097487,1392846569472.0,6503268352.0,longformer,159.0,148659456.0,0.0,,,,,,,,,,,,,,,,
,,25.0,0.0,109.0,2783176556544.0,25.0,2516582400.0,10942939136.0,64.0,128.0,0.6593515999615193,2785693138944.0,10942939136.0,longformer,159.0,148659456.0,0.0,,,,,,,,,,,,,,,,
,,25.0,0.0,109.0,4174764834816.0,25.0,3774873600.0,15187574784.0,96.0,128.0,0.9937391420826316,4178539708416.0,15187574784.0,longformer,159.0,148659456.0,0.0,,,,,,,,,,,,,,,,
,,25.0,0.0,109.0,5566353113088.0,25.0,5033164800.0,20839399424.0,128.0,128.0,1.3539916351437569,5571386277888.0,20839399424.0,longformer,159.0,148659456.0,0.0,,,,,,,,,,,,,,,,
,,25.0,0.0,109.0,8349529669632.0,25.0,7549747200.0,18066964480.0,192.0,128.0,2.050524125806988,8357079416832.0,18066964480.0,longformer,159.0,148659456.0,0.0,,,,,,,,,,,,,,,,
,,25.0,0.0,109.0,11132706226176.0,25.0,10066329600.0,25102909440.0,256.0,128.0,2.745069250278175,11142772555776.0,25102909440.0,longformer,159.0,148659456.0,0.0,,,,,,,,,,,,,,,,
,,49.0,0.0,361.0,2592079872.0,,,1157627904.0,1.0,128.0,0.02837564498186112,2592079872.0,1157627904.0,mobile_bert,410.0,24581888.0,0.0,,,,,,,,,,,,,,,,
,,49.0,0.0,361.0,5184159744.0,,,1251999744.0,2.0,128.0,0.028366642259061336,5184159744.0,1251999744.0,mobile_bert,410.0,24581888.0,0.0,,,,,,,,,,,,,,,,
,,49.0,0.0,361.0,10368319488.0,,,1266679808.0,4.0,128.0,0.02838551998138428,10368319488.0,1266679808.0,mobile_bert,410.0,24581888.0,0.0,,,,,,,,,,,,,,,,
,,49.0,0.0,361.0,20736638976.0,,,1363148800.0,8.0,128.0,0.02792703825980425,20736638976.0,1363148800.0,mobile_bert,410.0,24581888.0,0.0,,,,,,,,,,,,,,,,
,,49.0,0.0,361.0,41473277952.0,,,1363148800.0,16.0,128.0,0.028501082584261893,41473277952.0,1363148800.0,mobile_bert,410.0,24581888.0,0.0,,,,,,,,,,,,,,,,
,,49.0,0.0,361.0,82946555904.0,,,1468006400.0,32.0,128.0,0.029450500011444093,82946555904.0,1468006400.0,mobile_bert,410.0,24581888.0,0.0,,,,,,,,,,,,,,,,
,,49.0,0.0,361.0,165893111808.0,,,1568669696.0,64.0,128.0,0.054003055393695834,165893111808.0,1568669696.0,mobile_bert,410.0,24581888.0,0.0,,,,,,,,,,,,,,,,
,,49.0,0.0,361.0,248839667712.0,,,1795162112.0,96.0,128.0,0.07869171164929868,248839667712.0,1795162112.0,mobile_bert,410.0,24581888.0,0.0,,,,,,,,,,,,,,,,
,,49.0,0.0,361.0,331786223616.0,,,2097152000.0,128.0,128.0,0.10253422670066356,331786223616.0,2097152000.0,mobile_bert,410.0,24581888.0,0.0,,,,,,,,,,,,,,,,
,,49.0,0.0,361.0,497679335424.0,,,2587885568.0,192.0,128.0,0.1491908147931099,497679335424.0,2587885568.0,mobile_bert,410.0,24581888.0,0.0,,,,,,,,,,,,,,,,
,,49.0,0.0,361.0,663572447232.0,,,3191865344.0,256.0,128.0,0.19423212464898826,663572447232.0,3191865344.0,mobile_bert,410.0,24581888.0,0.0,,,,,,,,,,,,,,,,
,,49.0,0.0,361.0,995358670848.0,,,4173332480.0,384.0,128.0,0.2854012981057167,995358670848.0,4173332480.0,mobile_bert,410.0,24581888.0,0.0,,,,,,,,,,,,,,,,
,,49.0,0.0,361.0,1327144894464.0,,,5381292032.0,512.0,128.0,0.32743940241634845,1327144894464.0,5381292032.0,mobile_bert,410.0,24581888.0,0.0,,,,,,,,,,,,,,,,
,,37.0,0.0,1.0,589824.0,1.0,393216.0,1906311168.0,1.0,128.0,0.014127458259463311,3405428736.0,1906311168.0,squeeze_bert,123.0,51094272.0,0.0,,,,,,,,,,,,,12.0,7059456.0,72.0,3397386240.0
,,37.0,0.0,1.0,1179648.0,1.0,786432.0,2124414976.0,2.0,128.0,0.01424562968313694,6810857472.0,2124414976.0,squeeze_bert,123.0,51094272.0,0.0,,,,,,,,,,,,,12.0,14118912.0,72.0,6794772480.0
,,37.0,0.0,1.0,2359296.0,1.0,1572864.0,2124414976.0,4.0,128.0,0.014036443643271923,13621714944.0,2124414976.0,squeeze_bert,123.0,51094272.0,0.0,,,,,,,,,,,,,12.0,28237824.0,72.0,13589544960.0
,,37.0,0.0,1.0,4718592.0,1.0,3145728.0,2124414976.0,8.0,128.0,0.013963397778570651,27243429888.0,2124414976.0,squeeze_bert,123.0,51094272.0,0.0,,,,,,,,,,,,,12.0,56475648.0,72.0,27179089920.0
,,37.0,0.0,1.0,9437184.0,1.0,6291456.0,2124414976.0,16.0,128.0,0.044085866399109365,54486859776.0,2124414976.0,squeeze_bert,123.0,51094272.0,0.0,,,,,,,,,,,,,12.0,112951296.0,72.0,54358179840.0
,,37.0,0.0,1.0,18874368.0,1.0,12582912.0,2258632704.0,32.0,128.0,0.09390612710267306,108973719552.0,2258632704.0,squeeze_bert,123.0,51094272.0,0.0,,,,,,,,,,,,,12.0,225902592.0,72.0,108716359680.0
,,37.0,0.0,1.0,37748736.0,1.0,25165824.0,2694840320.0,64.0,128.0,0.1836556915193796,217947439104.0,2694840320.0,squeeze_bert,123.0,51094272.0,0.0,,,,,,,,,,,,,12.0,451805184.0,72.0,217432719360.0
,,37.0,0.0,1.0,56623104.0,1.0,37748736.0,3231711232.0,96.0,128.0,0.27423575073480605,326921158656.0,3231711232.0,squeeze_bert,123.0,51094272.0,0.0,,,,,,,,,,,,,12.0,677707776.0,72.0,326149079040.0
,,37.0,0.0,1.0,75497472.0,1.0,50331648.0,3944742912.0,128.0,128.0,0.3632055358961225,435894878208.0,3944742912.0,squeeze_bert,123.0,51094272.0,0.0,,,,,,,,,,,,,12.0,903610368.0,72.0,434865438720.0
,,37.0,0.0,1.0,113246208.0,1.0,75497472.0,4628414464.0,192.0,128.0,0.46701673734933136,653842317312.0,4628414464.0,squeeze_bert,123.0,51094272.0,0.0,,,,,,,,,,,,,12.0,1355415552.0,72.0,652298158080.0
,,37.0,0.0,1.0,150994944.0,1.0,100663296.0,5538578432.0,256.0,128.0,0.620067703910172,871789756416.0,5538578432.0,squeeze_bert,123.0,51094272.0,0.0,,,,,,,,,,,,,12.0,1807220736.0,72.0,869730877440.0
,,37.0,0.0,1.0,226492416.0,1.0,150994944.0,6901727232.0,384.0,128.0,0.9288507968187332,1307684634624.0,6901727232.0,squeeze_bert,123.0,51094272.0,0.0,,,,,,,,,,,,,12.0,2710831104.0,72.0,1304596316160.0
,,37.0,0.0,1.0,301989888.0,1.0,201326592.0,9728688128.0,512.0,128.0,1.2380820209160448,1743579512832.0,9728688128.0,squeeze_bert,123.0,51094272.0,0.0,,,,,,,,,,,,,12.0,3614441472.0,72.0,1739461754880.0
